0,0,0.6026723801357868
0,1,0.11479979147836779
0,2,0.2895837319881958
1,0,0.6878592714638272
1,1,0.2859531669824201
1,2,0.1469480308561667
2,0,0.6568864992685585
2,1,0.28549917768740246
2,2,0.1612732975164616
3,0,0.6195177885881528
3,1,0.15849246230820682
3,2,0.27349758650231587
4,0,0.5265606264315246
4,1,0.11621233940717936
4,2,0.26507110336080103
5,0,0.6185091936105819
5,1,0.1402403159792682
5,2,0.31688056040404383
6,0,0.640994227617356
6,1,0.12357958162524336
6,2,0.22732966161343438
7,0,0.6669532287922869
7,1,0.05461384220117698
7,2,0.2965962128526847
8,0,0.5064624984783415
8,1,0.16547000170968376
8,2,0.34390903255436217
9,0,0.4026998226483977
9,1,0.17927551655344834
9,2,0.30590024804678806
10,0,0.7955846932595732
10,1,0.2623086547099198
10,2,0.24840635438811287
11,0,0.5711158997138008
11,1,0.19454964205575095
11,2,0.2913166220772037
12,0,0.752505296404009
12,1,0.18060044828811206
12,2,0.3393822471770469
13,0,0.7058413594986789
13,1,0.20639834274509522
13,2,0.19510692937542737
14,0,0.47458996806830805
14,1,0.10674121037377704
14,2,0.26149809485730724
15,0,0.6164090083659068
15,1,0.2598923759989154
15,2,0.3135843032381368
16,0,0.674787896566284
16,1,0.23867982515466193
16,2,0.2585529376880382
17,0,0.55473904051299
17,1,0.2024020344377659
17,2,0.12232967840765115
18,0,0.5963919203628518
18,1,0.23238111388209481
18,2,0.4286466764893385
19,0,0.7388239279734872
19,1,0.12716938516740542
19,2,0.19610941893867745
20,0,0.7321025346668137
20,1,0.11737334998174505
20,2,0.31802326216335675
21,0,0.5619965160958242
21,1,0.21948839452705549
21,2,0.20113271628395504
22,0,0.6125268039847961
22,1,0.12424455246278163
22,2,0.4049235430504884
23,0,0.6686748194606434
23,1,0.1851836837307255
23,2,0.35539498024347627
24,0,0.675766329156092
24,1,0.1181328943165989
24,2,0.3230820241722054
25,0,0.728118218132527
25,1,0.23411055153532487
25,2,0.41561502633466696
26,0,0.512468919495956
26,1,0.14002358482932123
26,2,0.2602476019373166
27,0,0.5336845177127435
27,1,0.09757960686034473
27,2,0.3042513982182473
28,0,0.5929626891801932
28,1,0.1638071114620278
28,2,0.39905184631273377
29,0,0.5542545577113664
29,1,0.1650152202689967
29,2,0.39040980250412755
30,0,0.6841169381122569
30,1,0.19149746250016564
30,2,0.2754291355818963
31,0,0.6720624425697275
31,1,0.20039967366974257
31,2,0.2562390037236053
32,0,0.634133227698972
32,1,0.25575216438062454
32,2,0.305267138887952
33,0,0.6893819216725021
33,1,0.22274315286275076
33,2,0.27283752153293966
34,0,0.671691011400834
34,1,0.23108298119363252
34,2,0.2551362065247395
35,0,0.7836980761254563
35,1,0.17327268423499229
35,2,0.34294995954813134
36,0,0.5643882489245655
36,1,0.24887483045535463
36,2,0.2302651847400979
37,0,0.7390243349819393
37,1,0.1741301377422338
37,2,0.43335997734775517
38,0,0.5889853076748565
38,1,0.19387741475182355
38,2,0.43113149575256665
39,0,0.7405927735446357
39,1,0.21957121017495504
39,2,0.23487708893545278
40,0,0.629647742092917
40,1,0.2911318443413511
40,2,0.2564450444498819
41,0,0.5265954150939256
41,1,0.09406201912117948
41,2,0.29542092745715304
42,0,0.5303273613442695
42,1,0.2310670292871852
42,2,0.34885036058397884
43,0,0.6302676623859926
43,1,0.24482041568705187
43,2,0.3538310628214316
44,0,0.6648535817745204
44,1,0.2437926176760057
44,2,0.15616031518934884
45,0,0.6787407173660085
45,1,0.1817393453184867
45,2,0.17430693525191854
46,0,0.5176147273931903
46,1,0.3635518221506521
46,2,0.1918394229546763
47,0,0.6280066991624975
47,1,0.12525420786518893
47,2,0.45263145677613864
48,0,0.47576820733190806
48,1,0.1265006838760399
48,2,0.2988867617264719
49,0,0.5608157230008346
49,1,0.15749369597817856
49,2,0.4074049440105103
50,0,0.7779527958200688
50,1,0.186664158823768
50,2,0.15062618576281334
51,0,0.5230199109609299
51,1,0.26337940039988345
51,2,0.3552767291323912
52,0,0.4966425440860908
52,1,0.19795701141202726
52,2,0.29287702635357193
53,0,0.5908435711993639
53,1,0.08117840918630534
53,2,0.1646499102090064
54,0,0.5326766893298965
54,1,0.16510261010196722
54,2,0.43616172375906076
55,0,0.6091692124986892
55,1,0.24946544361183037
55,2,0.25791598425276263
56,0,0.6062213360207347
56,1,0.08282134638084306
56,2,0.251078659288855
57,0,0.6677545576879511
57,1,0.18318799407904382
57,2,0.3616233027120858
58,0,0.4698305803393775
58,1,0.3081655653159739
58,2,0.23365780583387033
59,0,0.7080907626136634
59,1,0.18793554020541633
59,2,0.43641806393681215
60,0,0.6831974131016687
60,1,0.0
60,2,0.4100781016497444
61,0,0.5351998307030742
61,1,0.13373561544780244
61,2,0.3301167284229134
62,0,0.8773553843784727
62,1,0.1934785253286855
62,2,0.36701729225951285
63,0,0.7150108414386481
63,1,0.1390883230598818
63,2,0.1898627308091334
64,0,0.3754120863158877
64,1,0.10829505034073185
64,2,0.3635002279041713
65,0,0.5669521036562232
65,1,0.1703259690716658
65,2,0.18905131084331095
66,0,0.5553353857798722
66,1,0.23118159962785173
66,2,0.2905235133984078
67,0,0.720944383444065
67,1,0.23428496358541426
67,2,0.2883347832347294
68,0,0.5800635732946315
68,1,0.14697984291916444
68,2,0.1486552799444294
69,0,0.7085905696441058
69,1,0.117516165287639
69,2,0.10632457436899452
70,0,0.6510217980548344
70,1,0.2079972530136166
70,2,0.3563077280125616
71,0,0.7246292122059643
71,1,0.057883286647321446
71,2,0.3175588831290367
72,0,0.615373588881882
72,1,0.14125208417704926
72,2,0.2839903915240714
73,0,0.48826032448932877
73,1,0.180812126685348
73,2,0.2747572491582784
74,0,0.6967101084594409
74,1,0.28191997731285023
74,2,0.4204099602869858
75,0,0.6226432453004017
75,1,0.21904582133371345
75,2,0.34978262377776703
76,0,0.610862720998537
76,1,0.18723095912958967
76,2,0.4431695648904643
77,0,0.6733992108855945
77,1,0.10435916662835851
77,2,0.4634036371112275
78,0,0.6937650989107429
78,1,0.22085849353643983
78,2,0.18852048963747464
79,0,0.5901739894776552
79,1,0.23530162406354455
79,2,0.25594094223554414
80,0,0.44766295023631403
80,1,0.08002526160619955
80,2,0.467112693585784
81,0,0.5573999041851354
81,1,0.14345484227086977
81,2,0.2778388508762483
82,0,0.5981186432870713
82,1,0.2136385568785788
82,2,0.3875300967581269
83,0,0.49265766913920495
83,1,0.1812351547506362
83,2,0.3017465347696535
84,0,0.5492669559650494
84,1,0.1874471381727511
84,2,0.433413069027593
85,0,0.49954829719406985
85,1,0.15670240427732338
85,2,0.33110997802912834
86,0,0.4610927129971857
86,1,0.08185602172549923
86,2,0.37419887837049337
87,0,0.6978009216293305
87,1,0.18901314996864801
87,2,0.38159316925188613
88,0,0.7022849618839087
88,1,0.3231301730320423
88,2,0.24011719434434817
89,0,0.605576772474239
89,1,0.23116391084172314
89,2,0.21405589821875243
90,0,0.796959077767551
90,1,0.19830597266357167
90,2,0.3477704820299701
91,0,0.6007666279795814
91,1,0.1394881584141659
91,2,0.2352449797422152
92,0,0.8135682857846934
92,1,0.13894462590913076
92,2,0.503170311998393
93,0,0.6246392011582353
93,1,0.15046671179136886
93,2,0.3251780632157503
94,0,0.5403532953871499
94,1,0.11147847570372002
94,2,0.33390454676062864
95,0,0.6058743051995114
95,1,0.2394044239395691
95,2,0.39822058870496424
96,0,0.6021252926491137
96,1,0.23688956420285898
96,2,0.23289956189229072
97,0,0.4862590683396105
97,1,0.23150528446299815
97,2,0.21111959803203093
98,0,0.5469577472805804
98,1,0.11990563885370852
98,2,0.4479494095132305
99,0,0.521497538739309
99,1,0.20100995691283355
99,2,0.23866071288622637
100,0,0.8196965035174545
100,1,0.17718717179039759
100,2,0.2799291325649728
101,0,0.5747538788117735
101,1,0.28786987887026744
101,2,0.4392225940600368
102,0,0.5897810509421343
102,1,0.12815258531945561
102,2,0.2704138078089347
103,0,0.8452476684720911
103,1,0.18866980731018498
103,2,0.18813335843888318
104,0,0.5856841720443909
104,1,0.10375527260867065
104,2,0.2676391267948719
105,0,0.6070445434199935
105,1,0.10771086228094459
105,2,0.2225780197055545
106,0,0.6776933677564945
106,1,0.2412881185096081
106,2,0.16450815362892324
107,0,1.0
107,1,0.1774673138486069
107,2,0.24692762711676033
108,0,0.5533320965159328
108,1,0.17206706241958517
108,2,0.256311691531336
109,0,0.555199892070875
109,1,0.3409849413528485
109,2,0.4271712623893792
110,0,0.5915588701577312
110,1,0.22285177030405823
110,2,0.37585266254395894
111,0,0.6160652973968896
111,1,0.22113744805635135
111,2,0.18828966336979522
112,0,0.5972134140667068
112,1,0.1717281061044343
112,2,0.29458328630025854
113,0,0.573462149621355
113,1,0.26430620610091377
113,2,0.3467135695248134
114,0,0.5050045197857795
114,1,0.20945488761543682
114,2,0.2507689174045947
115,0,0.6306620805657236
115,1,0.17298561451085825
115,2,0.2567820993422068
116,0,0.66103367885006
116,1,0.16042450493241797
116,2,0.33920526327458955
117,0,0.6646012106723432
117,1,0.11960588289616428
117,2,0.3031179255523042
118,0,0.6687315257649242
118,1,0.10643829330359
118,2,0.20164417372387752
119,0,0.7520956865466008
119,1,0.18288820744297068
119,2,0.2871200753259064
120,0,0.7008750252999186
120,1,0.14713859941009827
120,2,0.27973008042950454
121,0,0.6015435776422426
121,1,0.11062709478139748
121,2,0.2914584945346377
122,0,0.7498879341570268
122,1,0.15690290056092002
122,2,0.276813421110128
123,0,0.47036837289390854
123,1,0.19288391174348932
123,2,0.38505755282978416
124,0,0.5861878377228134
124,1,0.23217997873863835
124,2,0.33333599732723695
125,0,0.6595646234691013
125,1,0.12774572120853805
125,2,0.5247733665720747
126,0,0.6598077840531374
126,1,0.17914502429895293
126,2,0.26186240548428863
127,0,0.6591528180878444
127,1,0.1668263138041821
127,2,0.3456714170657969
128,0,0.4721259220298713
128,1,0.2095266425502112
128,2,0.27395275929523005
129,0,0.6562132964528489
129,1,0.1152777062324316
129,2,0.335375008757892
130,0,0.5667875789568362
130,1,0.23918492936157398
130,2,0.2169009490942153
131,0,0.5521103858916331
131,1,0.09176789045191103
131,2,0.39289084445449257
132,0,0.7768297258300914
132,1,0.15803661004630787
132,2,0.32627975753724175
133,0,0.637271526746962
133,1,0.20180142914953503
133,2,0.38716399911683697
134,0,0.6737195714012432
134,1,0.24425021342447772
134,2,0.19587844996886455
135,0,0.605747395313609
135,1,0.15443516827649967
135,2,0.2638228647002037
136,0,0.4701450897436362
136,1,0.15917341958674092
136,2,0.18492289029510064
137,0,0.8067106534445897
137,1,0.18018950546540974
137,2,0.17280537465081358
138,0,0.5582098515816958
138,1,0.14110721338391896
138,2,0.3105682948999459
139,0,0.6082853078724288
139,1,0.2987624614625532
139,2,0.32012698763584846
140,0,0.6011236798512304
140,1,0.09418973362456017
140,2,0.24439640473014188
141,0,0.5365056957007729
141,1,0.20912179459520364
141,2,0.24899666512575713
142,0,0.48088580207359877
142,1,0.07055133184786745
142,2,0.23966723833151882
143,0,0.5643744820198077
143,1,0.17467605818553028
143,2,0.3427954906987597
144,0,0.5661282405270271
144,1,0.2690303445518321
144,2,0.31308558118458674
145,0,0.6842534453345486
145,1,0.23443540113372463
145,2,0.20904828403758102
146,0,0.5018634437830948
146,1,0.20969229842310888
146,2,0.11584050747828246
147,0,0.6624426374769499
147,1,0.19819848764396383
147,2,0.1641809145706569
148,0,0.4767994391466272
148,1,0.20714269674985727
148,2,0.39591323012456314
149,0,0.6247631064268263
149,1,0.0745579169069767
149,2,0.22746112072351934
150,0,0.5896887212860938
150,1,0.1725220705884033
150,2,0.21629537934102744
151,0,0.5569202969499357
151,1,0.11282125048300304
151,2,0.3698175838567965
152,0,0.7912901900365678
152,1,0.1255090420001792
152,2,0.29008749959865027
153,0,0.42046595103515777
153,1,0.23272417030798784
153,2,0.14698130900415837
154,0,0.7290105244436701
154,1,0.13950365176874016
154,2,0.40322222086424137
155,0,0.4839064756420507
155,1,0.14438125475105992
155,2,0.23108298723254844
156,0,0.5631857825597815
156,1,0.22796108278430874
156,2,0.36668445929190013
157,0,0.6168070505584201
157,1,0.1159757515914911
157,2,0.30542682748631733
158,0,0.5304588400969031
158,1,0.097905385569788
158,2,0.22877366774231506
159,0,0.5908349508777994
159,1,0.19482013136370147
159,2,0.40156569316740987
160,0,0.5208933438991517
160,1,0.21334093814456123
160,2,0.29118744767799865
161,0,0.5436672228231259
161,1,0.11823800913771011
161,2,0.21379813593993893
162,0,0.7266391065793107
162,1,0.11845214573625702
162,2,0.04439087958601805
163,0,0.5273783823002073
163,1,0.2777727817668704
163,2,0.29992846941701545
164,0,0.6338555837397919
164,1,0.15158888540918974
164,2,0.2566611435095887
165,0,0.6775946020178902
165,1,0.1508179518970764
165,2,0.4046336357464416
166,0,0.5564179675004679
166,1,0.13021732200197236
166,2,0.18283450992499814
167,0,0.7459414568023297
167,1,0.2401873311413301
167,2,0.3681049669024506
168,0,0.7207232664044652
168,1,0.14983850990026845
168,2,0.2731738138889804
169,0,0.6542920111176447
169,1,0.11906214401603002
169,2,0.2232405140329281
170,0,0.6431535541761062
170,1,0.20662281369574864
170,2,0.37080422633152366
171,0,0.5228069502900343
171,1,0.15668824037182555
171,2,0.31738725548883123
172,0,0.6783894331232837
172,1,0.2645350982837566
172,2,0.2832031061871554
173,0,0.6061523458628046
173,1,0.17066348996405134
173,2,0.26786355622709096
174,0,0.5517861170830802
174,1,0.2206190493129127
174,2,0.05289489510878276
175,0,0.5053151072411707
175,1,0.25628741434570934
175,2,0.32967608486660654
176,0,0.7513312067477719
176,1,0.20183345967909372
176,2,0.10269966129991087
177,0,0.5970891812435513
177,1,0.25863698826409437
177,2,0.362414327131133
178,0,0.5770696987501523
178,1,0.16566551838113236
178,2,0.18498697472884484
179,0,0.6256689283351419
179,1,0.24933147094089395
179,2,0.27138603832584757
180,0,0.6208932448351825
180,1,0.27396329448542617
180,2,0.20911082781358772
181,0,0.635917924856159
181,1,0.16076313042403823
181,2,0.319531357782394
182,0,0.5014059056952036
182,1,0.28985188570956
182,2,0.35180120597573233
183,0,0.6155541638473457
183,1,0.08979923402081183
183,2,0.32704012596425924
184,0,0.5105895614685594
184,1,0.18249825512357642
184,2,0.287520896872072
185,0,0.782313506979413
185,1,0.29919215274742056
185,2,0.30792813368202676
186,0,0.6658215957964518
186,1,0.26111818873093545
186,2,0.2916212641780046
187,0,0.6581617857369483
187,1,0.14864597690125672
187,2,0.18518793421178903
188,0,0.7009326385672214
188,1,0.1875521338446415
188,2,0.3938307321244607
189,0,0.4897284839638886
189,1,0.07118272166376374
189,2,0.47925626073618993
190,0,0.4482743510445321
190,1,0.2508530560294009
190,2,0.37129955687748406
191,0,0.6041348584928179
191,1,0.1799982395727892
191,2,0.23391761283362147
192,0,0.5176195064609418
192,1,0.2747358020607991
192,2,0.2649026713671478
193,0,0.6353556358814227
193,1,0.23499148594584607
193,2,0.26952194882454916
194,0,0.7053891965780771
194,1,0.05311782911241455
194,2,0.2181162082191201
195,0,0.5798915655485166
195,1,0.15895420284714357
195,2,0.2900233580407356
196,0,0.5713561872248539
196,1,0.17139466261578834
196,2,0.309376779618214
197,0,0.694566059965228
197,1,0.12832082297222194
197,2,0.47215659963819373
198,0,0.5278088037912944
198,1,0.21754615903320318
198,2,0.37270348922901153
199,0,0.5972119827433244
199,1,0.3260903341769505
199,2,0.35861942970288524
200,0,0.5731094456367894
200,1,0.2583548186257728
200,2,0.1862429631119953
201,0,0.5451019618173507
201,1,0.29615469554129653
201,2,0.3928591760101245
202,0,0.3659546605019448
202,1,0.14502179491654724
202,2,0.3358827155077512
203,0,0.7569262689009195
203,1,0.17109921771397013
203,2,0.21156609670604573
204,0,0.6356151463668891
204,1,0.25970983814840104
204,2,0.33620569153121593
205,0,0.5655091734952156
205,1,0.05757773022366734
205,2,0.24659140511154587
206,0,0.6741911714744473
206,1,0.15896652225425317
206,2,0.3939218795636211
207,0,0.43653980374552864
207,1,0.21951589130879665
207,2,0.2796107494182217
208,0,0.7431721796760784
208,1,0.241060016880793
208,2,0.21607706245398303
209,0,0.7204619569189846
209,1,0.12422501792021548
209,2,0.16137716502125604
210,0,0.5432048084937527
210,1,0.23822738212641484
210,2,0.21379816385655392
211,0,0.5322471705581596
211,1,0.3033176655902179
211,2,0.38918916910520857
212,0,0.7173847076921067
212,1,0.2527262295701792
212,2,0.09633471593368685
213,0,0.5181553223567573
213,1,0.14225012218499314
213,2,0.49134841796710604
214,0,0.6246891499525405
214,1,0.27682981798442485
214,2,0.2901003617859435
215,0,0.5602278493284292
215,1,0.22979230899340256
215,2,0.2589494301151487
216,0,0.7184304016387867
216,1,0.23949751242860284
216,2,0.17839073340232825
217,0,0.6567437160929964
217,1,0.13452858385841943
217,2,0.23621421799806774
218,0,0.6009352653212723
218,1,0.23942753874990827
218,2,0.4047398865731231
219,0,0.5360577758507732
219,1,0.1623924074821024
219,2,0.23678364346036798
220,0,0.2854089201880521
220,1,0.07108683944962764
220,2,0.3498713332511483
221,0,0.7464439723174737
221,1,0.25000188418831504
221,2,0.1995015929304861
222,0,0.6241806870650515
222,1,0.24807143822697267
222,2,0.3844056949779781
223,0,0.5849102791850276
223,1,0.14910568415296216
223,2,0.2729521508845773
224,0,0.6720766782090063
224,1,0.06616977983995394
224,2,0.18381491863260122
225,0,0.5034524430454038
225,1,0.07137267546776077
225,2,0.3640079282295592
226,0,0.6029174656964489
226,1,0.2034675819836526
226,2,0.32985095301553674
227,0,0.5807239851276398
227,1,0.16206215973101362
227,2,0.3111519359227294
228,0,0.6473970965457082
228,1,0.10952886010518362
228,2,0.26810544351548227
229,0,0.4413489299800172
229,1,0.16791700161328077
229,2,0.3043657042247994
230,0,0.5994821563902575
230,1,0.12464538417572123
230,2,0.3043723565310532
231,0,0.6789533078862915
231,1,0.3078383234259897
231,2,0.28361521366523945
232,0,0.4519968477192164
232,1,0.19968233319109532
232,2,0.40146079728460443
233,0,0.7883979592243402
233,1,0.19470476513472348
233,2,0.16265249392823405
234,0,0.52740156493391
234,1,0.2013041699681889
234,2,0.1256423023596253
235,0,0.6195314912244894
235,1,0.15902095541285258
235,2,0.35808452446952505
236,0,0.7816626032376071
236,1,0.2047446609304373
236,2,0.1795363695129956
237,0,0.5365124325016757
237,1,0.27197539015679306
237,2,0.15016451309348147
238,0,0.48781387050535396
238,1,0.0824575329684564
238,2,0.34814346340817676
239,0,0.5431453466644036
239,1,0.13233338906963904
239,2,0.3101470761395008
240,0,0.5968408518542498
240,1,0.022687031262208245
240,2,0.2194994412632962
241,0,0.6875014512721613
241,1,0.1764199477641559
241,2,0.22533408624518253
242,0,0.6074579011089299
242,1,0.0656244454572314
242,2,0.38752137015120447
243,0,0.6049379598517541
243,1,0.2506312865847322
243,2,0.19331200130296583
244,0,0.5295748038169279
244,1,0.1325516941192937
244,2,0.32777968994355206
245,0,0.5817902727629896
245,1,0.2529224815209183
245,2,0.3500455776093781
246,0,0.6039573242567478
246,1,0.11083818938501323
246,2,0.31790273896636456
247,0,0.5228927069297808
247,1,0.16418617980070277
247,2,0.32745818827909706
248,0,0.4476614524587034
248,1,0.23231717572234095
248,2,0.3324333189751461
249,0,0.5515697842772612
249,1,0.2135916230683838
249,2,0.3437831936437766
250,0,0.7629683537357425
250,1,0.15759182058727017
250,2,0.23863803110482973
251,0,0.5475051932767653
251,1,0.22230095746298548
251,2,0.19587204742860775
252,0,0.57804254062769
252,1,0.09972726692315716
252,2,0.1501037512915898
253,0,0.5827201887190527
253,1,0.1243223778617678
253,2,0.19248863526126422
254,0,0.5916137847862005
254,1,0.2083511952203446
254,2,0.3648790678197424
255,0,0.8399668340676161
255,1,0.17583551368088182
255,2,0.22523005960521517
256,0,0.5215062514617109
256,1,0.2162577808165033
256,2,0.40264115267178546
257,0,0.7321613341298014
257,1,0.202552809621313
257,2,0.2787700603726599
258,0,0.5647763430590589
258,1,0.13810662511535252
258,2,0.29410547003980325
259,0,0.5735130233241732
259,1,0.10966588687607608
259,2,0.15870955744341297
260,0,0.7474938342504875
260,1,0.18417429596662188
260,2,0.25151776055388975
261,0,0.5422497555200771
261,1,0.18112030443759872
261,2,0.3083631505843099
262,0,0.6314394628386557
262,1,0.2970153090484714
262,2,0.24464093279640206
263,0,0.636963425257679
263,1,0.10959995073585965
263,2,0.41795684585820814
264,0,0.49979721007982286
264,1,0.23767546009446347
264,2,0.39577997680867644
265,0,0.5881317516925898
265,1,0.11371356356832207
265,2,0.31574247517687354
266,0,0.6554042963004814
266,1,0.26392888521133906
266,2,0.2040559463031474
267,0,0.431431096808886
267,1,0.062216066099824205
267,2,0.37072622338198535
268,0,0.7276938287780131
268,1,0.21593627089206172
268,2,0.16950200974831658
269,0,0.6682331279331809
269,1,0.17238537511218366
269,2,0.3706376740522141
270,0,0.5524243154061163
270,1,0.24479399704177854
270,2,0.14580074416841546
271,0,0.5831242882221189
271,1,0.3643121758866152
271,2,0.3123470273935582
272,0,0.4889224405016026
272,1,0.17112357775146128
272,2,0.2821032425719891
273,0,0.6516735595501987
273,1,0.2104422849794609
273,2,0.4334552035834953
274,0,0.5444285594545136
274,1,0.1968347986951866
274,2,0.22408467145228117
275,0,0.5783854438210649
275,1,0.24490996774149276
275,2,0.21950837346157936
276,0,0.6837348147919776
276,1,0.18656770403180364
276,2,0.38267335620210946
277,0,0.6892757879005674
277,1,0.2548154100581379
277,2,0.33248738479897727
278,0,0.7298726099729578
278,1,0.17045368178275933
278,2,0.23691484748635702
279,0,0.7057512748539336
279,1,0.09982708412126387
279,2,0.30865229641608505
280,0,0.4556254042706794
280,1,0.14440937052489639
280,2,0.4173241217849789
281,0,0.8957735292707336
281,1,0.2168807379439188
281,2,0.1723251377669079
282,0,0.6733671636510193
282,1,0.1593718743800068
282,2,0.3206776301782199
283,0,0.7073674967731574
283,1,0.14838550787280988
283,2,0.3362047759869182
284,0,0.6730220081239451
284,1,0.08846132815719758
284,2,0.40167868025737713
285,0,0.5362118291000804
285,1,0.013757607582653831
285,2,0.20691578514892264
286,0,0.6846089284346787
286,1,0.23799986097353582
286,2,0.47264221261783085
287,0,0.5257046717205183
287,1,0.12863697277359668
287,2,0.2745096896721644
288,0,0.5047404575246718
288,1,0.2285664271886353
288,2,0.2815978337571393
289,0,0.5194395834818635
289,1,0.1307616954864081
289,2,0.32861439666539144
290,0,0.5854118533531887
290,1,0.17468734181502624
290,2,0.21876856684260504
291,0,0.500322133646321
291,1,0.14826582630612142
291,2,0.26145933232493285
292,0,0.7258269587983774
292,1,0.22770230612547646
292,2,0.22656041001481603
293,0,0.5149963699590105
293,1,0.19027129547790028
293,2,0.23782404270306948
294,0,0.6322081214841249
294,1,0.11952417999117416
294,2,0.21811798572744642
295,0,0.7026906672028765
295,1,0.165156885981132
295,2,0.2477902212972714
296,0,0.7308324511200253
296,1,0.14189755448936442
296,2,0.325337249252729
297,0,0.5335693550316247
297,1,0.146120413361833
297,2,0.33720409041417637
298,0,0.6115429741514755
298,1,0.1381162839902483
298,2,0.10931573360845626
299,0,0.6595778786825438
299,1,0.24820440647409542
299,2,0.23921473598709242
300,0,0.8203956619778751
300,1,0.17902338107287538
300,2,0.38007009385175156
301,0,0.5880260052629214
301,1,0.19539163618465322
301,2,0.27452915812729145
302,0,0.636344303001815
302,1,0.24382741088188675
302,2,0.2811669210068888
303,0,0.6866968651399852
303,1,0.19634235586850737
303,2,0.290551796555805
304,0,0.6492843706540511
304,1,0.1899479940642083
304,2,0.2664769354987476
305,0,0.6344018744516157
305,1,0.20757454151943872
305,2,0.33370687734025184
306,0,0.6327227430615299
306,1,0.27511039207806803
306,2,0.35726923570011804
307,0,0.6646063358050376
307,1,0.2826215862558161
307,2,0.2926134074699774
308,0,0.5522724307416741
308,1,0.24786521535705025
308,2,0.3355783940538476
309,0,0.7094815726896306
309,1,0.16564691074479515
309,2,0.2643135681938285
310,0,0.5601147196112783
310,1,0.15358457235456666
310,2,0.4368613755867843
311,0,0.6096173193571154
311,1,0.25812980965645954
311,2,0.4158633250112604
312,0,0.8561450433137323
312,1,0.27112371527819995
312,2,0.17207785153271
313,0,0.5828697319308646
313,1,0.13371107006214955
313,2,0.19137129393207067
314,0,0.5192021876530852
314,1,0.3129841018356735
314,2,0.18451460661946037
315,0,0.5733466813789028
315,1,0.058385639837719806
315,2,0.3066595132494267
316,0,0.7446980708643457
316,1,0.2341374519053289
316,2,0.34254657475926675
317,0,0.5774212723081302
317,1,0.25998135457817
317,2,0.3151347287951794
318,0,0.6776310317320834
318,1,0.2291284708657255
318,2,0.25006883227299315
319,0,0.6821672771817398
319,1,0.18803607130118133
319,2,0.3567960068841964
320,0,0.649820762401
320,1,0.20223258090420348
320,2,0.28832661354324457
321,0,0.8102026916518752
321,1,0.11692900044539764
321,2,0.17938552409539485
322,0,0.5151598228268812
322,1,0.19896562112580674
322,2,0.32548180529619997
323,0,0.7009866188224099
323,1,0.10701177653285177
323,2,0.3322975771487118
324,0,0.6018915775832981
324,1,0.18504072710860012
324,2,0.3134466895337239
325,0,0.5082211983463641
325,1,0.10912201138679657
325,2,0.5063357312096757
326,0,0.6634828043244504
326,1,0.19866515945392033
326,2,0.4147602780418666
327,0,0.43245004313115115
327,1,0.2343253079966905
327,2,0.3548580939658003
328,0,0.3477950045601383
328,1,0.29469441839334254
328,2,0.3581266126195993
329,0,0.816524544151655
329,1,0.14048584165484634
329,2,0.31195449427186145
330,0,0.5201890633877169
330,1,0.2788914370365724
330,2,0.27237545125054924
331,0,0.8510635326399982
331,1,0.21251377704625907
331,2,0.10428269145470032
332,0,0.6740454003118863
332,1,0.14102469646614454
332,2,0.40524957292472846
333,0,0.5949927238101141
333,1,0.17750493466412764
333,2,0.2736351887949607
334,0,0.6537275931563048
334,1,0.3132502436024785
334,2,0.23883091613470916
335,0,0.4842432054390862
335,1,0.0666813598329178
335,2,0.3170485673803185
336,0,0.6374254720852641
336,1,0.21646711121868348
336,2,0.4039699540128249
337,0,0.5077759619146844
337,1,0.16638147169764686
337,2,0.3594632980546388
338,0,0.7192035667520339
338,1,0.2472108839762055
338,2,0.31698487184519
339,0,0.5511292901085297
339,1,0.028899797153627303
339,2,0.2068573068598126
340,0,0.6097800731069203
340,1,0.1928689470259817
340,2,0.3374842301670349
341,0,0.5113087032413782
341,1,0.3191995278776122
341,2,0.3939527637611152
342,0,0.7588278381098214
342,1,0.09601555576803016
342,2,0.2877510509646174
343,0,0.7984875751186756
343,1,0.046367367576974426
343,2,0.23970227022625515
344,0,0.6801549326319312
344,1,0.13787450115233035
344,2,0.19043547172816247
345,0,0.4690853093839986
345,1,0.07145803705792375
345,2,0.366836601528334
346,0,0.4599206307164205
346,1,0.38268219326892766
346,2,0.1715794186230007
347,0,0.640163139681485
347,1,0.25723844115892236
347,2,0.2950949666014786
348,0,0.5507977178664575
348,1,0.14551998913774258
348,2,0.31586239188150717
349,0,0.4784098060315531
349,1,0.23184180158779694
349,2,0.2689194849559122
350,0,0.6636683741209418
350,1,0.1404514655659665
350,2,0.20944188256272142
351,0,0.5597754434148188
351,1,0.24450453734606226
351,2,0.284801813875244
352,0,0.6391472909117275
352,1,0.1392127631675656
352,2,0.2877721277223481
353,0,0.6171661175729218
353,1,0.14644599625578467
353,2,0.31800512273478404
354,0,0.5824145331402841
354,1,0.14186984258367208
354,2,0.3707366251514295
355,0,0.7176366155487126
355,1,0.17045993622148298
355,2,0.2622697677851446
356,0,0.7258634124002065
356,1,0.13992094402493147
356,2,0.23081649035343757
357,0,0.5551036324966194
357,1,0.05157379065828916
357,2,0.42510340618861936
358,0,0.6028401672267768
358,1,0.10252656882776233
358,2,0.21244592259150155
359,0,0.6725414244049465
359,1,0.2017052444280794
359,2,0.25592902821947794
360,0,0.5337470139283689
360,1,0.13212438141452168
360,2,0.2682882439310077
361,0,0.5190084274157151
361,1,0.05269351632312623
361,2,0.30151851842057015
362,0,0.7497970722715657
362,1,0.18611398114446376
362,2,0.3006809850234053
363,0,0.5588107783551379
363,1,0.25375390675092474
363,2,0.3816337902289968
364,0,0.5605728886826378
364,1,0.30125013534113604
364,2,0.3362709916158491
365,0,0.5638942535008623
365,1,0.16404223668972065
365,2,0.2744527280505561
366,0,0.5608293255259174
366,1,0.17914064983381803
366,2,0.340810098838599
367,0,0.609909382796274
367,1,0.22808636342987196
367,2,0.18047115483000012
368,0,0.6667843741955852
368,1,0.12878522968046027
368,2,0.3839685557937955
369,0,0.6666286923633938
369,1,0.10543016759150878
369,2,0.2914102904330318
370,0,0.6159675854463321
370,1,0.05672212176621901
370,2,0.24793388701252944
371,0,0.8528979675411199
371,1,0.1123895006087064
371,2,0.3988863012829918
372,0,0.6031485222863934
372,1,0.251137816423415
372,2,0.39750513145614447
373,0,0.6763171019560889
373,1,0.17578703609993984
373,2,0.2791039705570781
374,0,0.7361292034691055
374,1,0.1926863454057074
374,2,0.3529012728288763
375,0,0.6231655930634712
375,1,0.22493103412973353
375,2,0.18938697694757214
376,0,0.6134049761483618
376,1,0.11434443088643084
376,2,0.47759107700005715
377,0,0.5373772683602963
377,1,0.1554458508740514
377,2,0.4542451272144098
378,0,0.6664964765406547
378,1,0.052290660394368214
378,2,0.18100592322715708
379,0,0.5983033236541675
379,1,0.09790021512617898
379,2,0.38602636064133555
380,0,0.6208077464341384
380,1,0.18413835978985146
380,2,0.22540522738553026
381,0,0.6163200610657517
381,1,0.10479785460602992
381,2,0.23404716689902436
382,0,0.7678330656477633
382,1,0.19559376336715395
382,2,0.38000316856261174
383,0,0.6536697282627068
383,1,0.16371070157230402
383,2,0.33292890054035307
384,0,0.7500233878267173
384,1,0.2869015609885473
384,2,0.22037050428611912
385,0,0.5499066821948988
385,1,0.14617364785938933
385,2,0.28600573470449453
386,0,0.4887073940012537
386,1,0.30320551529146833
386,2,0.2407718684542882
387,0,0.6616600843018179
387,1,0.17138394658764028
387,2,0.31816747581727495
388,0,0.5722467861055806
388,1,0.23655350787191054
388,2,0.21661589725881827
389,0,0.5875456490244118
389,1,0.23769454084692537
389,2,0.2878875200246687
390,0,0.6513356511258745
390,1,0.08759235735113849
390,2,0.3756552786408891
391,0,0.5384422895594027
391,1,0.13896462552479463
391,2,0.2600145825028022
392,0,0.5298801566728039
392,1,0.1874658179566511
392,2,0.3581309746795247
393,0,0.5893550079823453
393,1,0.15741961619812275
393,2,0.23531383332735453
394,0,0.4646479854257067
394,1,0.10332387545563501
394,2,0.4973727189459613
395,0,0.6373513494059048
395,1,0.24878959159969674
395,2,0.34648685456955697
396,0,0.7980611485778727
396,1,0.2645119324779534
396,2,0.2800300846607199
397,0,0.7096107658853003
397,1,0.24642637750309868
397,2,0.31618892223394507
398,0,0.5769920182578584
398,1,0.1800958158937304
398,2,0.18463853454999649
399,0,0.643416318634677
399,1,0.1396612169028934
399,2,0.22827153401657505
400,0,0.573560506079126
400,1,0.0736680442674278
400,2,0.3262924842773054
401,0,0.5441315400297457
401,1,0.0767026640096218
401,2,0.20452659310137253
402,0,0.7051058388083182
402,1,0.15245186790760473
402,2,0.3428587723540252
403,0,0.6897850470914139
403,1,0.20888463675375704
403,2,0.3405797412889379
404,0,0.48262768009224266
404,1,0.28174000630771284
404,2,0.3248103779107415
405,0,0.8172764253507783
405,1,0.1731282213857115
405,2,0.1574477267963799
406,0,0.48840253736289213
406,1,0.21883238455922593
406,2,0.3729431623606318
407,0,0.7071508831302841
407,1,0.1499198620192152
407,2,0.39650840136647575
408,0,0.6281518993782348
408,1,0.17236525829672358
408,2,0.13099795573683048
409,0,0.6591708933708685
409,1,0.034556730582182324
409,2,0.3617627758888977
410,0,0.6569398772973849
410,1,0.123341421822467
410,2,0.38370928418160394
411,0,0.5871256586904202
411,1,0.18898757673799538
411,2,0.34305080322651577
412,0,0.684597544533559
412,1,0.1581070393215386
412,2,0.37970343399036677
413,0,0.5908361159274033
413,1,0.21090305466685577
413,2,0.30936869577875453
414,0,0.5868917064670875
414,1,0.18226376604999833
414,2,0.3556650437242457
415,0,0.5752310353390234
415,1,0.11021553326486412
415,2,0.35189619809736067
416,0,0.6315998082373079
416,1,0.1270783606719096
416,2,0.3685452360410571
417,0,0.7840367132637419
417,1,0.20097664474685142
417,2,0.3849436046491804
418,0,0.6762990744775624
418,1,0.1334003405186382
418,2,0.3731634079783646
419,0,0.7151821417842931
419,1,0.17824665132653533
419,2,0.35202611879078644
420,0,0.6669473857128327
420,1,0.2489406227554796
420,2,0.36250890027265104
421,0,0.6905562484800852
421,1,0.14914023212795346
421,2,0.47794618211530954
422,0,0.8004840873115332
422,1,0.12750294272063561
422,2,0.3271117707962636
423,0,0.5932579703126138
423,1,0.19759103520734664
423,2,0.3733308365858988
424,0,0.6348828512518438
424,1,0.2669673802791992
424,2,0.393468677314658
425,0,0.5042837005906066
425,1,0.23901874398484182
425,2,0.26681349899325507
426,0,0.6568603530788314
426,1,0.20161458244022734
426,2,0.32987285900354807
427,0,0.7166681349508613
427,1,0.1529715395085655
427,2,0.2960340891227353
428,0,0.7435436439929488
428,1,0.2009891397277203
428,2,0.06318663487675853
429,0,0.5774766857581938
429,1,0.11934983313314591
429,2,0.49395413921733994
430,0,0.5352003429917106
430,1,0.18584750393937288
430,2,0.07455944435391999
431,0,0.5122377593085654
431,1,0.13596682213814845
431,2,0.47061390721923363
432,0,0.5620728093967551
432,1,0.15572202508044294
432,2,0.2700563507537031
433,0,0.4898560809167467
433,1,0.24649421576082436
433,2,0.317588104963944
434,0,0.6200672473033447
434,1,0.2538418199244914
434,2,0.34906889320736884
435,0,0.5685813287869474
435,1,0.06472593767087947
435,2,0.28186549309421854
436,0,0.6152862568738163
436,1,0.08368887496303791
436,2,0.4084686468703391
437,0,0.4630561993066758
437,1,0.19985796447671125
437,2,0.16624687575446512
438,0,0.672579403303286
438,1,0.1776487594363839
438,2,0.43504727729899556
439,0,0.5039746171696355
439,1,0.09547989637045741
439,2,0.2295420764945256
440,0,0.5326154594529587
440,1,0.1452041934567692
440,2,0.3533859225453029
441,0,0.487676568481132
441,1,0.1978033899579577
441,2,0.22506351506494676
442,0,0.6180050677973055
442,1,0.1285934623228
442,2,0.22738588794272513
443,0,0.7014337692730306
443,1,0.16324753122135294
443,2,0.238335586547863
444,0,0.5613346716939186
444,1,0.09739559937421238
444,2,0.2784486116134523
445,0,0.5262255509788738
445,1,0.10628495219777773
445,2,0.5256605647002492
446,0,0.5175130943059595
446,1,0.3596565712380612
446,2,0.2689795801148405
447,0,0.6514709492385284
447,1,0.2569275731556641
447,2,0.32836175007434687
448,0,0.5857878816441429
448,1,0.15617188689136033
448,2,0.31108730742940566
449,0,0.6885811113391207
449,1,0.2221021671862607
449,2,0.2672083986415532
450,0,0.5843163071501503
450,1,0.13046384674007055
450,2,0.13596388822567296
451,0,0.6238862937012042
451,1,0.33598267067713283
451,2,0.27523604176161265
452,0,0.7679631165242687
452,1,0.15873483271128064
452,2,0.3309866669594407
453,0,0.4537746127403249
453,1,0.12921777864872322
453,2,0.27431215009277554
454,0,0.4941877235315444
454,1,0.21819055296421763
454,2,0.15823347506004495
455,0,0.530937149252562
455,1,0.13910941475632488
455,2,0.3586075024412866
456,0,0.6136619104896852
456,1,0.2835547678797928
456,2,0.3676270506776051
457,0,0.49861420985437777
457,1,0.3202903106894427
457,2,0.31264174639893183
458,0,0.6912886519192883
458,1,0.1579042754223631
458,2,0.18577190084403722
459,0,0.5322628630043091
459,1,0.1075373804541764
459,2,0.35346613156133055
460,0,0.7819090336456064
460,1,0.11978785475250604
460,2,0.25961974466986354
461,0,0.6910730293210838
461,1,0.12131454749372209
461,2,0.20269577594124608
462,0,0.5573211970693335
462,1,0.3380945960183294
462,2,0.37839982546875944
463,0,0.5556688238689871
463,1,0.21441438630925896
463,2,0.33708135940583056
464,0,0.4857235813519292
464,1,0.18711891390549112
464,2,0.3303017388751151
465,0,0.45615280716687373
465,1,0.18294284680813636
465,2,0.3386076788140534
466,0,0.6263405364256895
466,1,0.08174533071828195
466,2,0.2839728014749828
467,0,0.6879526631450257
467,1,0.1061930543446438
467,2,0.2257377346025709
468,0,0.5917007970478095
468,1,0.26317830044099944
468,2,0.35134374637429217
469,0,0.5993240699055353
469,1,0.09866177074436891
469,2,0.17873982584586612
470,0,0.5806810804152882
470,1,0.21826550472899017
470,2,0.4075944726946794
471,0,0.6026158683091215
471,1,0.20871644505599238
471,2,0.3269801420400645
472,0,0.46208430180349225
472,1,0.19772319572096392
472,2,0.1616937593900401
473,0,0.6842015526723894
473,1,0.15153963424412475
473,2,0.21579898526382607
474,0,0.6735478790587021
474,1,0.15944101056516935
474,2,0.2874616160678667
475,0,0.6911203405579781
475,1,0.18038351828544533
475,2,0.39086088204709324
476,0,0.6710989345166558
476,1,0.15414784826685357
476,2,0.240412412636448
477,0,0.6007751707543729
477,1,0.17778756580633484
477,2,0.24506775393120897
478,0,0.5654332650457282
478,1,0.10978389689290899
478,2,0.3275011449758678
479,0,0.6036029707164318
479,1,0.23993313600818336
479,2,0.2739902372415894
480,0,0.7190287890575408
480,1,0.16517321633865226
480,2,0.30517696849266973
481,0,0.6734793335472883
481,1,0.19930993791426294
481,2,0.23413180134217948
482,0,0.7112304652721543
482,1,0.24516203641357193
482,2,0.2533494369601391
483,0,0.6611060295221608
483,1,0.12726116429441497
483,2,0.33882841988132156
484,0,0.4890351481407724
484,1,0.21473921708946903
484,2,0.34487160802096106
485,0,0.5756932828346936
485,1,0.16843470101378283
485,2,0.16452494363830114
486,0,0.6662947189720918
486,1,0.1581739587160259
486,2,0.3522107671958533
487,0,0.43649241972299346
487,1,0.07817650262975376
487,2,0.2723651894992833
488,0,0.556358871009398
488,1,0.1996290694191698
488,2,0.2919160287540825
489,0,0.6125987268343973
489,1,0.1182711667623482
489,2,0.31241192914730914
490,0,0.5290465708367352
490,1,0.07654199401098277
490,2,0.179066397801587
491,0,0.4989191607569794
491,1,0.27594421622341836
491,2,0.32136641954240325
492,0,0.8945144903330952
492,1,0.23324582859878792
492,2,0.23941322747965108
493,0,0.5722908356209622
493,1,0.10901545905415636
493,2,0.21321386535470663
494,0,0.5015120282927304
494,1,0.1566189970049463
494,2,0.33434492971139435
495,0,0.5661791599774763
495,1,0.08259406509097836
495,2,0.38156682709902295
496,0,0.6044145096758711
496,1,0.15468335544459583
496,2,0.2475268569774814
497,0,0.38301107614997487
497,1,0.13316527077184193
497,2,0.25566540538512167
498,0,0.5605980107039911
498,1,0.1539533920677237
498,2,0.3540637687859372
499,0,0.5430789100723534
499,1,0.176658275430563
499,2,0.24092059912991595
