,non-en,women_writer_director,NDCG,Average Fairness,name
0,0.5116027340614433,0.1102502979737783,0.0330991493637077,0.3109265160176108,history_file_baseline_movie_1
1,0.5021770329108998,0.0899597025937908,0.0342283199731486,0.2960683677523453,history_file_baseline_movie_2
2,0.483143197684318,0.0946421476814802,0.0337328202351408,0.2888926726828991,history_file_baseline_movie_3
3,0.4192916737612804,0.076054259606107,0.0341968119397943,0.2476729666836937,history_file_baseline_movie_4
4,0.4088929970081,0.083574550201487,0.0347894121834156,0.2462337736047935,history_file_baseline_movie_5
0,0.8034954148524726,0.2817980589136727,0.0260761060096534,,history_file_baseline_OFair_movie_1_1
1,0.7579479944540389,0.2718655996367558,0.0256927884993058,,history_file_baseline_OFair_movie_1_2
2,0.5413393009170294,0.0393041602815142,0.0223276793860071,,history_file_baseline_OFair_movie_1_3
3,0.2810075162365303,0.0493785118338157,0.0245774553272152,,history_file_baseline_OFair_movie_1_4
4,0.2146019313565712,0.0499460809353538,0.0235505116352974,,history_file_baseline_OFair_movie_1_5
5,0.7973535063608279,0.2700210000567569,0.0281389473861833,,history_file_baseline_OFair_movie_2_1
6,0.822286006178395,0.2674669390998354,0.0296846407742281,,history_file_baseline_OFair_movie_2_2
7,0.3723456009340565,0.1452976899937567,0.0254753511269929,,history_file_baseline_OFair_movie_2_3
8,0.2442776872369925,0.0444122821953572,0.0286181203339001,,history_file_baseline_OFair_movie_2_4
9,0.2407506506774342,0.0448379590215108,0.0270754856819519,,history_file_baseline_OFair_movie_2_5
10,0.794312957602588,0.2397979453998524,0.0288162005291109,,history_file_baseline_OFair_movie_3_1
11,0.8090900245676339,0.2497304046767693,0.0283375923059903,,history_file_baseline_OFair_movie_3_2
12,0.3802510277054802,0.1298314319768432,0.0243612390941712,,history_file_baseline_OFair_movie_3_3
13,0.2104059740702001,0.0366082070492082,0.0269867090809171,,history_file_baseline_OFair_movie_3_4
14,0.2421493031062246,0.0404392984845905,0.0272533680053541,,history_file_baseline_OFair_movie_3_5
15,0.7513195981610761,0.237811453544469,0.0285596833890416,,history_file_baseline_OFair_movie_4_1
16,0.7282722385736177,0.2440547136613882,0.0291039096839866,,history_file_baseline_OFair_movie_4_2
17,0.3509401376760477,0.1160678812645439,0.0238032054527415,,history_file_baseline_OFair_movie_4_3
18,0.2605142176059935,0.038169022078438,0.0257454747297001,,history_file_baseline_OFair_movie_4_4
19,0.21344652282844,0.0412906521368976,0.0241889367277622,,history_file_baseline_OFair_movie_4_5
20,0.7500425676826153,0.2568250184459958,0.0285753802185406,,history_file_baseline_OFair_movie_5_1
21,0.7597723237089828,0.2517168965321528,0.0283511625230664,,history_file_baseline_OFair_movie_5_2
22,0.5570285325095473,0.179777512912197,0.0274885118756859,,history_file_baseline_OFair_movie_5_3
23,0.2572912359222592,0.0397298371076678,0.0245889025288021,,history_file_baseline_OFair_movie_5_4
24,0.2471358030697379,0.0391622680061297,0.024307479896276,,history_file_baseline_OFair_movie_5_5
0,1.2043005521636545,0.3963051251489868,0.0314225835276642,,history_file_rankedPairs_least_movie_1_1
1,1.2043005521636545,0.3963051251489868,0.0314225835276642,,history_file_rankedPairs_least_movie_1_2
2,1.2043005521636545,0.3963051251489868,0.0314225835276642,,history_file_rankedPairs_least_movie_1_3
3,1.2043005521636545,0.3963051251489868,0.0314225835276642,,history_file_rankedPairs_least_movie_1_4
4,1.2043005521636545,0.3963051251489868,0.0314225835276642,,history_file_rankedPairs_least_movie_1_5
5,1.2043005521636545,0.3963051251489868,0.0314225835276642,,history_file_rankedPairs_least_movie_1_6
6,1.2043005521636545,0.3963051251489868,0.0314225835276642,,history_file_rankedPairs_least_movie_1_7
7,1.2043005521636545,0.3963051251489868,0.0314225835276642,,history_file_rankedPairs_least_movie_1_8
8,1.2043005521636545,0.3963051251489868,0.0314225835276642,,history_file_rankedPairs_least_movie_1_9
9,1.2043005521636545,0.3963051251489868,0.0314225835276642,,history_file_rankedPairs_least_movie_1_10
10,1.2677872102357033,0.3246495260798002,0.0300585243594913,,history_file_rankedPairs_least_movie_2_1
11,1.2677872102357033,0.3246495260798002,0.0300585243594913,,history_file_rankedPairs_least_movie_2_2
12,1.2677872102357033,0.3246495260798002,0.0300585243594913,,history_file_rankedPairs_least_movie_2_3
13,1.2677872102357033,0.3246495260798002,0.0300585243594913,,history_file_rankedPairs_least_movie_2_4
14,1.2677872102357033,0.3246495260798002,0.0300585243594913,,history_file_rankedPairs_least_movie_2_5
15,1.2677872102357033,0.3246495260798002,0.0300585243594913,,history_file_rankedPairs_least_movie_2_6
16,1.2677872102357033,0.3246495260798002,0.0300585243594913,,history_file_rankedPairs_least_movie_2_7
17,1.2677872102357033,0.3246495260798002,0.0300585243594913,,history_file_rankedPairs_least_movie_2_8
18,1.2677872102357033,0.3246495260798002,0.0300585243594913,,history_file_rankedPairs_least_movie_2_9
19,1.2677872102357033,0.3246495260798002,0.0300585243594913,,history_file_rankedPairs_least_movie_2_10
20,1.2570844786066988,0.3240819569782621,0.0306641549433039,,history_file_rankedPairs_least_movie_3_1
21,1.2570844786066988,0.3240819569782621,0.0306641549433039,,history_file_rankedPairs_least_movie_3_2
22,1.2570844786066988,0.3240819569782621,0.0306641549433039,,history_file_rankedPairs_least_movie_3_3
23,1.2570844786066988,0.3240819569782621,0.0306641549433039,,history_file_rankedPairs_least_movie_3_4
24,1.2570844786066988,0.3240819569782621,0.0306641549433039,,history_file_rankedPairs_least_movie_3_5
25,1.2570844786066988,0.3240819569782621,0.0306641549433039,,history_file_rankedPairs_least_movie_3_6
26,1.2570844786066988,0.3240819569782621,0.0306641549433039,,history_file_rankedPairs_least_movie_3_7
27,1.2570844786066988,0.3240819569782621,0.0306641549433039,,history_file_rankedPairs_least_movie_3_8
28,1.2570844786066988,0.3240819569782621,0.0306641549433039,,history_file_rankedPairs_least_movie_3_9
29,1.2570844786066988,0.3240819569782621,0.0306641549433039,,history_file_rankedPairs_least_movie_3_10
30,1.230266838559023,0.3106021908167319,0.0316126356129753,,history_file_rankedPairs_least_movie_4_1
31,1.230266838559023,0.3106021908167319,0.0316126356129753,,history_file_rankedPairs_least_movie_4_2
32,1.230266838559023,0.3106021908167319,0.0316126356129753,,history_file_rankedPairs_least_movie_4_3
33,1.230266838559023,0.3106021908167319,0.0316126356129753,,history_file_rankedPairs_least_movie_4_4
34,1.230266838559023,0.3106021908167319,0.0316126356129753,,history_file_rankedPairs_least_movie_4_5
35,1.230266838559023,0.3106021908167319,0.0316126356129753,,history_file_rankedPairs_least_movie_4_6
36,1.230266838559023,0.3106021908167319,0.0316126356129753,,history_file_rankedPairs_least_movie_4_7
37,1.230266838559023,0.3106021908167319,0.0316126356129753,,history_file_rankedPairs_least_movie_4_8
38,1.230266838559023,0.3106021908167319,0.0316126356129753,,history_file_rankedPairs_least_movie_4_9
39,1.230266838559023,0.3106021908167319,0.0316126356129753,,history_file_rankedPairs_least_movie_4_10
40,1.2301452166086937,0.3352914467336398,0.0325147264672153,,history_file_rankedPairs_least_movie_5_1
41,1.2301452166086937,0.3352914467336398,0.0325147264672153,,history_file_rankedPairs_least_movie_5_2
42,1.2301452166086937,0.3352914467336398,0.0325147264672153,,history_file_rankedPairs_least_movie_5_3
43,1.2301452166086937,0.3352914467336398,0.0325147264672153,,history_file_rankedPairs_least_movie_5_4
44,1.2301452166086937,0.3352914467336398,0.0325147264672153,,history_file_rankedPairs_least_movie_5_5
45,1.2301452166086937,0.3352914467336398,0.0325147264672153,,history_file_rankedPairs_least_movie_5_6
46,1.2301452166086937,0.3352914467336398,0.0325147264672153,,history_file_rankedPairs_least_movie_5_7
47,1.2301452166086937,0.3352914467336398,0.0325147264672153,,history_file_rankedPairs_least_movie_5_8
48,1.2301452166086937,0.3352914467336398,0.0325147264672153,,history_file_rankedPairs_least_movie_5_9
49,1.2301452166086937,0.3352914467336398,0.0325147264672153,,history_file_rankedPairs_least_movie_5_10
50,1.2439493079711024,0.3591293489982405,0.0298294502288769,,history_file_rankedPairs_product_movie_1_1
51,1.2439493079711024,0.3591293489982405,0.0298294502288769,,history_file_rankedPairs_product_movie_1_2
52,1.2439493079711024,0.3591293489982405,0.0298294502288769,,history_file_rankedPairs_product_movie_1_3
53,1.2439493079711024,0.3591293489982405,0.0298294502288769,,history_file_rankedPairs_product_movie_1_4
54,1.2439493079711024,0.3591293489982405,0.0298294502288769,,history_file_rankedPairs_product_movie_1_5
55,1.2439493079711024,0.3591293489982405,0.0298294502288769,,history_file_rankedPairs_product_movie_1_6
56,1.2439493079711024,0.3591293489982405,0.0298294502288769,,history_file_rankedPairs_product_movie_1_7
57,1.2439493079711024,0.3591293489982405,0.0298294502288769,,history_file_rankedPairs_product_movie_1_8
58,1.2439493079711024,0.3591293489982405,0.0298294502288769,,history_file_rankedPairs_product_movie_1_9
59,1.2439493079711024,0.3591293489982405,0.0298294502288769,,history_file_rankedPairs_product_movie_1_10
60,1.1981586436720095,0.3472103978659402,0.0324017547609485,,history_file_rankedPairs_product_movie_2_1
61,1.1981586436720095,0.3472103978659402,0.0324017547609485,,history_file_rankedPairs_product_movie_2_2
62,1.1981586436720095,0.3472103978659402,0.0324017547609485,,history_file_rankedPairs_product_movie_2_3
63,1.1981586436720095,0.3472103978659402,0.0324017547609485,,history_file_rankedPairs_product_movie_2_4
64,1.1981586436720095,0.3472103978659402,0.0324017547609485,,history_file_rankedPairs_product_movie_2_5
65,1.1981586436720095,0.3472103978659402,0.0324017547609485,,history_file_rankedPairs_product_movie_2_6
66,1.1981586436720095,0.3472103978659402,0.0324017547609485,,history_file_rankedPairs_product_movie_2_7
67,1.1981586436720095,0.3472103978659402,0.0324017547609485,,history_file_rankedPairs_product_movie_2_8
68,1.1981586436720095,0.3472103978659402,0.0324017547609485,,history_file_rankedPairs_product_movie_2_9
69,1.1981586436720095,0.3472103978659402,0.0324017547609485,,history_file_rankedPairs_product_movie_2_10
70,1.182408601104327,0.3394063227197911,0.033657737547737,,history_file_rankedPairs_product_movie_3_1
71,1.182408601104327,0.3394063227197911,0.033657737547737,,history_file_rankedPairs_product_movie_3_2
72,1.182408601104327,0.3394063227197911,0.033657737547737,,history_file_rankedPairs_product_movie_3_3
73,1.182408601104327,0.3394063227197911,0.033657737547737,,history_file_rankedPairs_product_movie_3_4
74,1.182408601104327,0.3394063227197911,0.033657737547737,,history_file_rankedPairs_product_movie_3_5
75,1.182408601104327,0.3394063227197911,0.033657737547737,,history_file_rankedPairs_product_movie_3_6
76,1.182408601104327,0.3394063227197911,0.033657737547737,,history_file_rankedPairs_product_movie_3_7
77,1.182408601104327,0.3394063227197911,0.033657737547737,,history_file_rankedPairs_product_movie_3_8
78,1.182408601104327,0.3394063227197911,0.033657737547737,,history_file_rankedPairs_product_movie_3_9
79,1.182408601104327,0.3394063227197911,0.033657737547737,,history_file_rankedPairs_product_movie_3_10
80,1.063705577582642,0.3162778818321131,0.0341665277834317,,history_file_rankedPairs_product_movie_4_1
81,1.063705577582642,0.3162778818321131,0.0341665277834317,,history_file_rankedPairs_product_movie_4_2
82,1.063705577582642,0.3162778818321131,0.0341665277834317,,history_file_rankedPairs_product_movie_4_3
83,1.063705577582642,0.3162778818321131,0.0341665277834317,,history_file_rankedPairs_product_movie_4_4
84,1.063705577582642,0.3162778818321131,0.0341665277834317,,history_file_rankedPairs_product_movie_4_5
85,1.063705577582642,0.3162778818321131,0.0341665277834317,,history_file_rankedPairs_product_movie_4_6
86,1.063705577582642,0.3162778818321131,0.0341665277834317,,history_file_rankedPairs_product_movie_4_7
87,1.063705577582642,0.3162778818321131,0.0341665277834317,,history_file_rankedPairs_product_movie_4_8
88,1.063705577582642,0.3162778818321131,0.0341665277834317,,history_file_rankedPairs_product_movie_4_9
89,1.063705577582642,0.3162778818321131,0.0341665277834317,,history_file_rankedPairs_product_movie_4_10
90,1.0806718396536206,0.3455076905613258,0.0350460440451141,,history_file_rankedPairs_product_movie_5_1
91,1.0806718396536206,0.3455076905613258,0.0350460440451141,,history_file_rankedPairs_product_movie_5_2
92,1.0806718396536206,0.3455076905613258,0.0350460440451141,,history_file_rankedPairs_product_movie_5_3
93,1.0806718396536206,0.3455076905613258,0.0350460440451141,,history_file_rankedPairs_product_movie_5_4
94,1.0806718396536206,0.3455076905613258,0.0350460440451141,,history_file_rankedPairs_product_movie_5_5
95,1.0806718396536206,0.3455076905613258,0.0350460440451141,,history_file_rankedPairs_product_movie_5_6
96,1.0806718396536206,0.3455076905613258,0.0350460440451141,,history_file_rankedPairs_product_movie_5_7
97,1.0806718396536206,0.3455076905613258,0.0350460440451141,,history_file_rankedPairs_product_movie_5_8
98,1.0806718396536206,0.3455076905613258,0.0350460440451141,,history_file_rankedPairs_product_movie_5_9
99,1.0806718396536206,0.3455076905613258,0.0350460440451141,,history_file_rankedPairs_product_movie_5_10
100,1.1852667169370728,0.3947443101197571,0.0315930250663879,,history_file_rankedPairs_weighted_movie_1_1
101,1.1465301257570966,0.3992848629320619,0.0325079765321307,,history_file_rankedPairs_weighted_movie_1_2
102,1.0904015956799882,0.4032578466428287,0.0324256675276318,,history_file_rankedPairs_weighted_movie_1_3
103,1.0235703339738755,0.4058119075997503,0.0327572235057675,,history_file_rankedPairs_weighted_movie_1_4
104,0.9756512855440148,0.4060956921505193,0.0324063097260851,,history_file_rankedPairs_weighted_movie_1_5
105,0.9384349687431588,0.3948862023951416,0.0324806286591462,,history_file_rankedPairs_weighted_movie_1_6
106,0.8309211646517963,0.3208184346444179,0.0328604491184354,,history_file_rankedPairs_weighted_movie_1_7
107,0.7484614823283305,0.2666155854475282,0.0331837934496269,,history_file_rankedPairs_weighted_movie_1_8
108,0.686069421809248,0.224899256484477,0.0331053945661248,,history_file_rankedPairs_weighted_movie_1_9
109,0.6573666415314635,0.2037573074521823,0.0331809943886268,,history_file_rankedPairs_weighted_movie_1_10
110,1.2572061005570283,0.3242238492536466,0.0302004249575641,,history_file_rankedPairs_weighted_movie_2_1
111,1.2420641677409938,0.3296157557182587,0.0302154871681161,,history_file_rankedPairs_weighted_movie_2_2
112,1.2235776312908953,0.3357171235597934,0.030059459647024,,history_file_rankedPairs_weighted_movie_2_3
113,1.188185643744983,0.3428117373290198,0.0304021577566063,,history_file_rankedPairs_weighted_movie_2_4
114,1.171645058500158,0.3433793064305579,0.0302685955729007,,history_file_rankedPairs_weighted_movie_2_5
115,1.1481112111113814,0.3433793064305579,0.0307068839823487,,history_file_rankedPairs_weighted_movie_2_6
116,1.0848069859648268,0.3264941256597991,0.0309400135979969,,history_file_rankedPairs_weighted_movie_2_7
117,1.0115905718664104,0.3064873148305806,0.0317780363898461,,history_file_rankedPairs_weighted_movie_2_8
118,0.9137457128262508,0.2744196605936773,0.0321840998897101,,history_file_rankedPairs_weighted_movie_2_9
119,0.7538128481428327,0.2141154435552528,0.0334865467174038,,history_file_rankedPairs_weighted_movie_2_10
120,1.2496655396365934,0.3212441114705715,0.0309802539978255,,history_file_rankedPairs_weighted_movie_3_1
121,1.2246114178686969,0.3279130484136444,0.0310937129643536,,history_file_rankedPairs_weighted_movie_3_2
122,1.1995572961008003,0.3314603552982575,0.0310334773862285,,history_file_rankedPairs_weighted_movie_3_3
123,1.1601517841940112,0.3381292922413303,0.0310530750666923,,history_file_rankedPairs_weighted_movie_3_4
124,1.1347936075502905,0.338838753618253,0.0312225831985799,,history_file_rankedPairs_weighted_movie_3_5
125,1.110286784558877,0.339122538169022,0.0316528063473297,,history_file_rankedPairs_weighted_movie_3_6
126,1.0313541387949696,0.3162778818321131,0.0320617584501918,,history_file_rankedPairs_weighted_movie_3_7
127,0.954245822286006,0.29612917872751,0.0326711944724302,,history_file_rankedPairs_weighted_movie_3_8
128,0.8531779815621122,0.263068278562915,0.0329829320341361,,history_file_rankedPairs_weighted_movie_3_9
129,0.6788329157646371,0.1949599863783415,0.0337619131245645,,history_file_rankedPairs_weighted_movie_3_10
130,1.2028410887596992,0.3096089448890403,0.0330232333110005,,history_file_rankedPairs_weighted_movie_4_1
131,1.1528544671742356,0.3134400363244224,0.0324353835306845,,history_file_rankedPairs_weighted_movie_4_2
132,1.0863880713191116,0.315994097281344,0.0329685403953247,,history_file_rankedPairs_weighted_movie_4_3
133,1.0186446449855269,0.3178386968613428,0.0331515907386909,,history_file_rankedPairs_weighted_movie_4_4
134,0.973522901413247,0.3179805891367274,0.033310822526787,,history_file_rankedPairs_weighted_movie_4_5
135,0.9352119870594244,0.3130143594982689,0.0332549131734759,,history_file_rankedPairs_weighted_movie_4_6
136,0.8384009145970664,0.2738520914921392,0.0331003132814111,,history_file_rankedPairs_weighted_movie_4_7
137,0.7389141592274573,0.2292979170213973,0.0334985529744147,,history_file_rankedPairs_weighted_movie_4_8
138,0.6479409403809199,0.1837504966229638,0.0339013612093813,,history_file_rankedPairs_weighted_movie_4_9
139,0.5995962151249057,0.1563652874737499,0.0341453213582803,,history_file_rankedPairs_weighted_movie_4_10
140,1.2039356863126656,0.3335887394290255,0.0341055218987851,,history_file_rankedPairs_weighted_movie_5_1
141,1.1640436866045585,0.3399738918213292,0.0341185129826311,,history_file_rankedPairs_weighted_movie_5_2
142,1.110043540658218,0.3447982291844032,0.0346683089677679,,history_file_rankedPairs_weighted_movie_5_3
143,1.0464960716110043,0.346359044213633,0.0347461738765525,,history_file_rankedPairs_weighted_movie_5_4
144,1.002043248765537,0.3472103978659402,0.0345681136761786,,history_file_rankedPairs_weighted_movie_5_5
145,0.9601444868769916,0.3428117373290198,0.0343576087962745,,history_file_rankedPairs_weighted_movie_5_6
146,0.8520225730339811,0.2998183778875078,0.034382837697944,,history_file_rankedPairs_weighted_movie_5_7
147,0.7536912261925032,0.2555479879675351,0.0346625077264547,,history_file_rankedPairs_weighted_movie_5_8
148,0.6475152635547663,0.1987910778137238,0.0347321524001011,,history_file_rankedPairs_weighted_movie_5_9
149,0.5922380871299652,0.1685680231568193,0.0347010848851259,,history_file_rankedPairs_weighted_movie_5_10
0,1.260064216389774,0.3594131335490096,0.02977049473609269,0.8097386749693918,history_file_borda_least_movie_1_1
1,1.2584223200603244,0.3554401498382428,0.030492492477043345,0.8069312349492836,history_file_borda_least_movie_1_2
2,1.2262533141981464,0.3476360746920938,0.030724995119839105,0.7869446944451202,history_file_borda_least_movie_1_3
3,1.0950232297925129,0.3050683920767353,0.031610276015342866,0.7000458109346241,history_file_borda_least_movie_1_4
4,0.9839823891415922,0.2721493841875249,0.03189638000237448,0.6280658866645585,history_file_borda_least_movie_1_5
5,0.9087592128627373,0.2511493274306147,0.0320817214005192,0.579954270146676,history_file_borda_least_movie_1_6
6,0.8567050181216705,0.23298711618139512,0.032116351757056384,0.5448460671515328,history_file_borda_least_movie_1_7
7,0.8137116586801586,0.21695328906294342,0.032251512859423695,0.515332473871551,history_file_borda_least_movie_1_8
8,0.7809953540414973,0.20489244565525855,0.032350201423821945,0.49294389984837794,history_file_borda_least_movie_1_9
9,0.7542993359441511,0.19623701685680234,0.03248922615225287,0.4752681764004767,history_file_borda_least_movie_1_10
10,1.2677872102357033,0.32464952607980024,0.030058524359491384,0.7962183681577517,history_file_borda_least_movie_2_1
11,1.2669966675585609,0.32081843464441795,0.03113155565404703,0.7939075511014895,history_file_borda_least_movie_2_2
12,1.2279560215027607,0.3086156989613486,0.03187681331273862,0.7682858602320547,history_file_borda_least_movie_2_3
13,1.0831650896353773,0.2642034167659913,0.03248310352323701,0.6736842532006843,history_file_borda_least_movie_2_4
14,0.9667120721947897,0.23085873205062718,0.03262109104596947,0.5987854021227085,history_file_borda_least_movie_2_5
15,0.8903334873878036,0.21425733583063739,0.03286674929123496,0.5522954116092205,history_file_borda_least_movie_2_6
16,0.8371238841186056,0.1980816164368012,0.03277218400615154,0.5176027502777034,history_file_borda_least_movie_2_7
17,0.7964413417333559,0.18843294171065328,0.03294589394025223,0.4924371417220046,history_file_borda_least_movie_2_8
18,0.766643963902605,0.18006129746296612,0.03304790500395568,0.47335263068278555,history_file_borda_least_movie_2_9
19,0.7399479458052589,0.17112208411374086,0.033251830195477436,0.4555350149594999,history_file_borda_least_movie_2_10
20,1.2570844786066988,0.32408195697826214,0.030664154943303906,0.7905832177924805,history_file_borda_least_movie_3_1
21,1.2581790761596652,0.3189738350644191,0.031601602632750386,0.7885764556120421,history_file_borda_least_movie_3_2
22,1.2004086497531075,0.30407514614904363,0.032129737805330405,0.7522418979510755,history_file_borda_least_movie_3_3
23,1.0571988032400086,0.26136557125830073,0.03254116352386803,0.6592821872491547,history_file_borda_least_movie_3_4
24,0.9496241881734814,0.23298711618139512,0.03297184980787624,0.5913056521774382,history_file_borda_least_movie_3_5
25,0.877623993578361,0.21482490493217551,0.033331955557986494,0.5462244492552683,history_file_borda_least_movie_3_6
26,0.8269684512660844,0.19950053919064648,0.0335099500811355,0.5132344952283654,history_file_borda_least_movie_3_7
27,0.7861034759553404,0.1860207730291163,0.03351982231430149,0.4860621244922283,history_file_borda_least_movie_3_8
28,0.7505290554839337,0.1753788523752767,0.0336291590485796,0.4629539539296052,history_file_borda_least_movie_3_9
29,0.7256573666415315,0.1672909926783586,0.033641708967945626,0.446474179659945,history_file_borda_least_movie_3_10
30,1.230266838559023,0.31060219081673196,0.03161263561297531,0.7704345146878775,history_file_borda_least_movie_4_1
31,1.2307533263603414,0.308190022135195,0.03259527634526838,0.7694716742477682,history_file_borda_least_movie_4_2
32,1.144827418452482,0.2800953516090584,0.03341249316139322,0.7124613850307702,history_file_borda_least_movie_4_3
33,0.9848337427938993,0.23582496168908565,0.033694497150642294,0.6103293522414925,history_file_borda_least_movie_4_4
34,0.8807253533117656,0.20687893751064193,0.03370452107183227,0.5438021454112038,history_file_borda_least_movie_4_5
35,0.8013670307217046,0.1860207730291163,0.03389935593069411,0.4936939018754104,history_file_borda_least_movie_4_6
36,0.7560020432487655,0.17225722231681706,0.03352225693142185,0.4641296327827913,history_file_borda_least_movie_4_7
37,0.7139816594098902,0.16062205573528576,0.03360879403573951,0.437301857572588,history_file_borda_least_movie_4_8
38,0.6787721047894724,0.15054770418298427,0.03378640451449314,0.4146599044862283,history_file_borda_least_movie_4_9
39,0.6527450074189389,0.144020659515296,0.033882482162657344,0.39838283346711745,history_file_borda_least_movie_4_10
40,1.2301452166086935,0.33529144673363986,0.032514726467215316,0.7827183316711667,history_file_borda_least_movie_5_1
41,1.2244289849432024,0.33500766218287076,0.03370403349272488,0.7797183235630366,history_file_borda_least_movie_5_2
42,1.1437936318746806,0.31287246722288437,0.03382115171340137,0.7283330495487825,history_file_borda_least_movie_5_3
43,0.9748607428668725,0.2668993699982973,0.03454406220654848,0.6208800564325849,history_file_borda_least_movie_5_4
44,0.859259079078592,0.22972359384755095,0.035107119421214354,0.5444913364630715,history_file_borda_least_movie_5_5
45,0.7863467198559995,0.20716272206141098,0.035136516734428684,0.4967547209587052,history_file_borda_least_movie_5_6
46,0.7380019945999854,0.19056132584142121,0.03504913201125613,0.4642816602207033,history_file_borda_least_movie_5_7
47,0.7018802753520955,0.17977751291219707,0.03501177639516146,0.4408288941321463,history_file_borda_least_movie_5_8
48,0.66746126340882,0.16927748453374197,0.03510411332057229,0.41836937397128093,history_file_borda_least_movie_5_9
49,0.6430760623677361,0.15948691753220956,0.034819955818786934,0.4012814899499728,history_file_borda_least_movie_5_10
50,1.2460776921018704,0.35955502582439414,0.029721720131194177,0.8028163589631323,history_file_borda_product_movie_1_1
51,1.242854710418136,0.35742664169362626,0.03088840689862875,0.8001406760558811,history_file_borda_product_movie_1_2
52,1.1903748388509159,0.34550769056132585,0.031030472245603756,0.7679412647061209,history_file_borda_product_movie_1_3
53,1.0527596020529784,0.29854134740904703,0.032098967989375,0.6756504747310127,history_file_borda_product_movie_1_4
54,0.942874169930189,0.26817640047675806,0.03253010530681116,0.6055252852034736,history_file_borda_product_movie_1_5
55,0.871299652161222,0.24802769737215508,0.032681975902563346,0.5596636747666885,history_file_borda_product_movie_1_6
56,0.8232589817810317,0.22958170157216642,0.032422868540232214,0.5264203416765991,history_file_borda_product_movie_1_7
57,0.7817250857434749,0.2134059821783302,0.03254435313534276,0.49756553396090253,history_file_borda_product_movie_1_8
58,0.7532655493663496,0.20290595379987517,0.03264797531500847,0.4780857515831124,history_file_borda_product_movie_1_9
59,0.7263870983435089,0.1931153867983427,0.032649929084266775,0.4597512425709258,history_file_borda_product_movie_1_10
60,1.2527060883948336,0.3247914183551847,0.030033995299275,0.7887487533750092,history_file_borda_product_movie_2_1
61,1.2477803994064847,0.32096032691980253,0.03109069131052499,0.7843703631631436,history_file_borda_product_movie_2_2
62,1.18307752183114,0.30435893069981274,0.03204059779130211,0.7437182262654763,history_file_borda_product_movie_2_3
63,1.0344554985283743,0.2592371871275328,0.03229456949918065,0.6468463428279535,history_file_borda_product_movie_2_4
64,0.9291308895429446,0.22773710199216754,0.0328736265605633,0.578433995767556,history_file_borda_product_movie_2_5
65,0.8539685242392546,0.21014245984448607,0.03340111043398806,0.5320554920418703,history_file_borda_product_movie_2_6
66,0.8048940672812629,0.1941086327260344,0.033240457589697556,0.49950135000364865,history_file_borda_product_movie_2_7
67,0.7693196468098562,0.18417617344911744,0.033291633236172104,0.4767479101294868,history_file_borda_product_movie_2_8
68,0.7421371409111917,0.17580452920143028,0.033444593636611286,0.458970835056311,history_file_borda_product_movie_2_9
69,0.7175695069446133,0.16757477722912764,0.03359277236273234,0.44257214208687046,history_file_borda_product_movie_2_10
70,1.245347960399893,0.3189738350644191,0.03092943076974399,0.782160897732156,history_file_borda_product_movie_3_1
71,1.2372601007029747,0.31656166638288213,0.0319815692674206,0.7769108835429284,history_file_borda_product_movie_3_2
72,1.1616720585731313,0.2917305181905897,0.03251586596174311,0.7267012883818604,history_file_borda_product_movie_3_3
73,1.0113473279657512,0.2554060956921505,0.03316026246754044,0.6333767118289508,history_file_borda_product_movie_3_4
74,0.9029821702220816,0.22915602474601285,0.03363901068766793,0.5660690974840472,history_file_borda_product_movie_3_5
75,0.8335968475590474,0.2091492139167944,0.03389431593770494,0.5213730307379209,history_file_borda_product_movie_3_6
76,0.7875629393592956,0.19481809410295706,0.03389613907777348,0.4911905167311263,history_file_borda_product_movie_3_7
77,0.7515628420617352,0.18218968159373405,0.033946522127572376,0.4668762618277346,history_file_borda_product_movie_3_8
78,0.7202451898518645,0.17112208411374086,0.034040034352327615,0.44568363698280267,history_file_borda_product_movie_3_9
79,0.6959207997859453,0.16260854759066917,0.03396078823527239,0.42926467368830723,history_file_borda_product_movie_3_10
80,1.2063073143440926,0.3064873148305806,0.03279591350851866,0.7563973145873366,history_file_borda_product_movie_4_1
81,1.1970032351438786,0.3036494693228901,0.03360220627819854,0.7503263522333844,history_file_borda_product_movie_4_2
82,1.0928340346865801,0.27456155286906186,0.0331804902217989,0.683697793777821,history_file_borda_product_movie_4_3
83,0.9445768772348033,0.22887224019524377,0.0335990047198345,0.5867245587150236,history_file_borda_product_movie_4_4
84,0.8352995548636617,0.20304784607525966,0.03389828341852203,0.5191737004694607,history_file_borda_product_movie_4_5
85,0.763056116367882,0.1814802202168114,0.03406354691660175,0.4722681682923467,history_file_borda_product_movie_4_6
86,0.7184816715720852,0.16870991543220387,0.03388277834139088,0.4435957935021445,history_file_borda_product_movie_4_7
87,0.6775558852861764,0.15778421022759523,0.03394254294386418,0.4176700477568858,history_file_borda_product_movie_4_8
88,0.6479409403809199,0.14983824280606162,0.03401050090607511,0.39888959159349074,history_file_borda_product_movie_4_9
89,0.6224003308117048,0.14316930586298882,0.03403907923422789,0.3827848183373468,history_file_borda_product_movie_4_10
90,1.2030235216851937,0.33756172313979227,0.033667384791992196,0.770292622412493,history_file_borda_product_movie_5_1
91,1.1880640217946534,0.33500766218287076,0.03439478774193224,0.7615358419887621,history_file_borda_product_movie_5_2
92,1.0938070102892168,0.3077643453090414,0.03473983281809845,0.700785677799129,history_file_borda_product_movie_5_3
93,0.9315025175743716,0.26150746353368526,0.03477962362131151,0.5965049905540285,history_file_borda_product_movie_5_4
94,0.822894115930043,0.227311425166014,0.035053410523079476,0.5251027705480285,history_file_borda_product_movie_5_5
95,0.7538736591179975,0.20489244565525855,0.03525947205365889,0.47938305238662804,history_file_borda_product_movie_5_6
96,0.7073532631169273,0.18914240308757593,0.03523089397420507,0.4482478331022516,history_file_borda_product_movie_5_7
97,0.6693464036389287,0.17750723650604464,0.03512966955102064,0.42342682007248666,history_file_borda_product_movie_5_8
98,0.6401571355598258,0.16700720812758954,0.035272003369167484,0.40358217184370765,history_file_borda_product_movie_5_9
99,0.6157719345187419,0.15579771837221185,0.03519433828102516,0.38578482644547685,history_file_borda_product_movie_5_10
100,1.1987059424484932,0.3795618366536126,0.030641330190615306,0.7891338895510529,history_file_broda_weighted_movie_1_1
101,1.1608207049208241,0.3867983426982235,0.030824021564701033,0.7738095238095238,history_file_broda_weighted_movie_1_2
102,1.0483204008659484,0.36168340995516207,0.0317606202366788,0.7050019054105552,history_file_broda_weighted_movie_1_3
103,0.9300430541704165,0.3086156989613486,0.03232350016066464,0.6193293765658826,history_file_broda_weighted_movie_1_4
104,0.8517185181581571,0.27257506101367845,0.032493218502887534,0.5621467895859178,history_file_broda_weighted_movie_1_5
105,0.8025224392498357,0.25143311198138374,0.03277948111600911,0.5269777756156098,history_file_broda_weighted_movie_1_6
106,0.7662790980516163,0.23185197797831886,0.03277245909515187,0.49906553801496756,history_file_broda_weighted_movie_1_7
107,0.7376371287489966,0.21425733583063739,0.032812884900530116,0.47594723228981695,history_file_broda_weighted_movie_1_8
108,0.7136776045340663,0.2027640615244906,0.03282775018480084,0.4582208330292784,history_file_broda_weighted_movie_1_9
109,0.6943397144316605,0.19382484817526535,0.03287400645956594,0.44408228130346294,history_file_broda_weighted_movie_1_10
110,1.1741991194570793,0.3428117373290198,0.031174264988158402,0.7585054283930496,history_file_broda_weighted_movie_2_1
111,1.1100435406582179,0.3470685055905557,0.03209180732515371,0.7285560231243868,history_file_broda_weighted_movie_2_2
112,1.0076378584806984,0.3174130200351893,0.032575866886164775,0.6625254392579438,history_file_broda_weighted_movie_2_3
113,0.8965970178297779,0.26746693909983543,0.03300975227399997,0.5820319784648067,history_file_broda_weighted_movie_2_4
114,0.8245968232346573,0.2345479312106249,0.03327632571964402,0.529572377222641,history_file_broda_weighted_movie_2_5
115,0.7784412930845759,0.21241273625063853,0.03348110386176161,0.4954270146676072,history_file_broda_weighted_movie_2_6
116,0.7440830921164652,0.1956694477552642,0.03370979846598132,0.4698762699358647,history_file_broda_weighted_movie_2_7
117,0.719150592298898,0.18389238889834839,0.03379660232324606,0.4515214905986232,history_file_broda_weighted_movie_2_8
118,0.6999951351219867,0.17523696009989215,0.033809212632471636,0.4376160476109394,history_file_broda_weighted_movie_2_9
119,0.6813869767215586,0.16814234633066577,0.033851474591251006,0.42476466152611214,history_file_broda_weighted_movie_2_10
120,1.1399017294641336,0.3401157840967138,0.032365359743665646,0.7400087567804237,history_file_broda_weighted_movie_3_1
121,1.0677799129186833,0.34039956864748283,0.033030098606558256,0.7040897407830831,history_file_broda_weighted_movie_3_2
122,0.9692661331517112,0.310885975367501,0.03344160675611587,0.6400760542596061,history_file_broda_weighted_movie_3_3
123,0.8685023473036413,0.26250070946137694,0.03372048360023466,0.5655015283825091,history_file_broda_weighted_movie_3_4
124,0.8061710977597236,0.23284522390601056,0.03379049319532505,0.5195081608328671,history_file_broda_weighted_movie_3_5
125,0.7601371895599718,0.21298030535217663,0.03385514844130719,0.4865587474560742,history_file_broda_weighted_movie_3_6
126,0.724562769088565,0.19595323230603326,0.03393666531144704,0.4602580006972991,history_file_broda_weighted_movie_3_7
127,0.6970153973389116,0.18417617344911744,0.034019193393055015,0.4405957853940145,history_file_broda_weighted_movie_3_8
128,0.6748802023789253,0.17296668369373971,0.03404932837573526,0.4239234430363325,history_file_broda_weighted_movie_3_9
129,0.656636909829486,0.16402747034451445,0.03398174636415655,0.4103321900870002,history_file_broda_weighted_movie_3_10
130,0.9899418647077424,0.31812248141211197,0.03369395763044791,0.6540321730599272,history_file_broda_weighted_movie_4_1
131,0.9270025054121767,0.31528463590442135,0.03402684235608706,0.6211435706582991,history_file_broda_weighted_movie_4_2
132,0.8485563474495876,0.2871899653782848,0.03416921899503426,0.5678731564139362,history_file_broda_weighted_movie_4_3
133,0.7692588358346915,0.23681820761677735,0.03422622035390623,0.5030385217257344,history_file_broda_weighted_movie_4_4
134,0.7117316533287927,0.20546001475679665,0.03436537395750066,0.4585958340427947,history_file_broda_weighted_movie_4_5
135,0.671353165819367,0.18616266530450085,0.03427611328135335,0.42875791556193393,history_file_broda_weighted_movie_4_6
136,0.6401571355598258,0.17112208411374086,0.03432227555120236,0.4056396098367833,history_file_broda_weighted_movie_4_7
137,0.6143124711147867,0.15820988705374878,0.03428740321657345,0.3862611790842677,history_file_broda_weighted_movie_4_8
138,0.5956435017391939,0.15083148873375332,0.034311232736734136,0.3732374952364736,history_file_broda_weighted_movie_4_9
139,0.578433995767556,0.1435949826891424,0.034254843313513056,0.3610144892283492,history_file_broda_weighted_movie_4_10
140,0.9995499987837804,0.3482036437936319,0.034783791354965836,0.6738768212887061,history_file_broda_weighted_movie_5_1
141,0.9309552187978887,0.346359044213633,0.03526928554144594,0.6386571315057609,history_file_broda_weighted_movie_5_2
142,0.8514752742574979,0.3236562801521085,0.03516140005142774,0.5875657772048032,history_file_broda_weighted_movie_5_3
143,0.7659142322006275,0.270304784607526,0.035337480904742556,0.5181095084040768,history_file_broda_weighted_movie_5_4
144,0.7096640801731896,0.23511550031216302,0.03522922958859267,0.4723897902426763,history_file_broda_weighted_movie_5_5
145,0.6674004524336552,0.20886542936602534,0.0354041262390928,0.4381329408998403,history_file_broda_weighted_movie_5_6
146,0.6376030746029042,0.1925478176968046,0.035433999552379546,0.4150754461498544,history_file_broda_weighted_movie_5_7
147,0.6137651723383035,0.1793518360860435,0.03542524216472708,0.39655850421217353,history_file_broda_weighted_movie_5_8
148,0.5949745810123811,0.16927748453374197,0.035431346319465,0.38212603277306156,history_file_broda_weighted_movie_5_9
149,0.5781299408917321,0.15948691753220956,0.035314366720196055,0.3688084292119708,history_file_broda_weighted_movie_5_10
150,1.2460776921018704,0.35955502582439414,0.029721720131194177,0.8028163589631323,history_file_copeland_product_movie_1_1
151,1.2460776921018704,0.35955502582439414,0.029721720131194177,0.8028163589631323,history_file_copeland_product_movie_1_2
152,1.2460776921018704,0.35955502582439414,0.029721720131194177,0.8028163589631323,history_file_copeland_product_movie_1_3
153,1.2460776921018704,0.35955502582439414,0.029721720131194177,0.8028163589631323,history_file_copeland_product_movie_1_4
154,1.2460776921018704,0.35955502582439414,0.029721720131194177,0.8028163589631323,history_file_copeland_product_movie_1_5
155,1.2460776921018704,0.35955502582439414,0.029721720131194177,0.8028163589631323,history_file_copeland_product_movie_1_6
156,1.2460776921018704,0.35955502582439414,0.029721720131194177,0.8028163589631323,history_file_copeland_product_movie_1_7
157,1.2460776921018704,0.35955502582439414,0.029721720131194177,0.8028163589631323,history_file_copeland_product_movie_1_8
158,1.2460776921018704,0.35955502582439414,0.029721720131194177,0.8028163589631323,history_file_copeland_product_movie_1_9
159,1.2460776921018704,0.35955502582439414,0.029721720131194177,0.8028163589631323,history_file_copeland_product_movie_1_10
160,1.2527060883948336,0.3247914183551847,0.030033995299275,0.7887487533750092,history_file_copeland_product_movie_2_1
161,1.2527060883948336,0.3247914183551847,0.030033995299275,0.7887487533750092,history_file_copeland_product_movie_2_2
162,1.2527060883948336,0.3247914183551847,0.030033995299275,0.7887487533750092,history_file_copeland_product_movie_2_3
163,1.2527060883948336,0.3247914183551847,0.030033995299275,0.7887487533750092,history_file_copeland_product_movie_2_4
164,1.2527060883948336,0.3247914183551847,0.030033995299275,0.7887487533750092,history_file_copeland_product_movie_2_5
165,1.2527060883948336,0.3247914183551847,0.030033995299275,0.7887487533750092,history_file_copeland_product_movie_2_6
166,1.2527060883948336,0.3247914183551847,0.030033995299275,0.7887487533750092,history_file_copeland_product_movie_2_7
167,1.2527060883948336,0.3247914183551847,0.030033995299275,0.7887487533750092,history_file_copeland_product_movie_2_8
168,1.2527060883948336,0.3247914183551847,0.030033995299275,0.7887487533750092,history_file_copeland_product_movie_2_9
169,1.2527060883948336,0.3247914183551847,0.030033995299275,0.7887487533750092,history_file_copeland_product_movie_2_10
170,1.245347960399893,0.3189738350644191,0.03092943076974399,0.782160897732156,history_file_copeland_product_movie_3_1
171,1.245347960399893,0.3189738350644191,0.03092943076974399,0.782160897732156,history_file_copeland_product_movie_3_2
172,1.245347960399893,0.3189738350644191,0.03092943076974399,0.782160897732156,history_file_copeland_product_movie_3_3
173,1.245347960399893,0.3189738350644191,0.03092943076974399,0.782160897732156,history_file_copeland_product_movie_3_4
174,1.245347960399893,0.3189738350644191,0.03092943076974399,0.782160897732156,history_file_copeland_product_movie_3_5
175,1.245347960399893,0.3189738350644191,0.03092943076974399,0.782160897732156,history_file_copeland_product_movie_3_6
176,1.245347960399893,0.3189738350644191,0.03092943076974399,0.782160897732156,history_file_copeland_product_movie_3_7
177,1.245347960399893,0.3189738350644191,0.03092943076974399,0.782160897732156,history_file_copeland_product_movie_3_8
178,1.245347960399893,0.3189738350644191,0.03092943076974399,0.782160897732156,history_file_copeland_product_movie_3_9
179,1.245347960399893,0.3189738350644191,0.03092943076974399,0.782160897732156,history_file_copeland_product_movie_3_10
180,1.2063073143440926,0.3064873148305806,0.03279591350851866,0.7563973145873366,history_file_copeland_product_movie_4_1
181,1.2063073143440926,0.3064873148305806,0.03279591350851866,0.7563973145873366,history_file_copeland_product_movie_4_2
182,1.2063073143440926,0.3064873148305806,0.03279591350851866,0.7563973145873366,history_file_copeland_product_movie_4_3
183,1.2063073143440926,0.3064873148305806,0.03279591350851866,0.7563973145873366,history_file_copeland_product_movie_4_4
184,1.2063073143440926,0.3064873148305806,0.03279591350851866,0.7563973145873366,history_file_copeland_product_movie_4_5
185,1.2063073143440926,0.3064873148305806,0.03279591350851866,0.7563973145873366,history_file_copeland_product_movie_4_6
186,1.2063073143440926,0.3064873148305806,0.03279591350851866,0.7563973145873366,history_file_copeland_product_movie_4_7
187,1.2063073143440926,0.3064873148305806,0.03279591350851866,0.7563973145873366,history_file_copeland_product_movie_4_8
188,1.2063073143440926,0.3064873148305806,0.03279591350851866,0.7563973145873366,history_file_copeland_product_movie_4_9
189,1.2063073143440926,0.3064873148305806,0.03279591350851866,0.7563973145873366,history_file_copeland_product_movie_4_10
190,1.2030235216851937,0.33756172313979227,0.033667384791992196,0.770292622412493,history_file_copeland_product_movie_5_1
191,1.2030235216851937,0.33756172313979227,0.033667384791992196,0.770292622412493,history_file_copeland_product_movie_5_2
192,1.2030235216851937,0.33756172313979227,0.033667384791992196,0.770292622412493,history_file_copeland_product_movie_5_3
193,1.2030235216851937,0.33756172313979227,0.033667384791992196,0.770292622412493,history_file_copeland_product_movie_5_4
194,1.2030235216851937,0.33756172313979227,0.033667384791992196,0.770292622412493,history_file_copeland_product_movie_5_5
195,1.2030235216851937,0.33756172313979227,0.033667384791992196,0.770292622412493,history_file_copeland_product_movie_5_6
196,1.2030235216851937,0.33756172313979227,0.033667384791992196,0.770292622412493,history_file_copeland_product_movie_5_7
197,1.2030235216851937,0.33756172313979227,0.033667384791992196,0.770292622412493,history_file_copeland_product_movie_5_8
198,1.2030235216851937,0.33756172313979227,0.033667384791992196,0.770292622412493,history_file_copeland_product_movie_5_9
199,1.2030235216851937,0.33756172313979227,0.033667384791992196,0.770292622412493,history_file_copeland_product_movie_5_10
200,1.244070929921432,0.3635280095351609,0.030122593106745792,0.8037994697282965,history_file_copeland_weighted_movie_1_1
201,1.226922234924959,0.3693455928259266,0.03034312047986205,0.7981339138754429,history_file_copeland_weighted_movie_1_2
202,1.200226216827613,0.37814291389976734,0.029908050217928916,0.7891845653636902,history_file_copeland_weighted_movie_1_3
203,1.1712801926491692,0.38310914353822584,0.03031695230222614,0.7771946680936975,history_file_copeland_weighted_movie_1_4
204,1.13795577825886,0.3924740337136047,0.03081150331693574,0.7652149059862323,history_file_copeland_weighted_movie_1_5
205,1.1073678577509667,0.3920483568874511,0.030960760128900776,0.7497081073192089,history_file_copeland_weighted_movie_1_6
206,1.0796988640509837,0.39332538736591177,0.03090979736608676,0.7365121257084477,history_file_copeland_weighted_movie_1_7
207,1.0428474131011165,0.3936091719166809,0.031129345499876858,0.7182282925088987,history_file_copeland_weighted_movie_1_8
208,1.0052662304492714,0.39403484874283445,0.031496255573483956,0.699650539596053,history_file_copeland_weighted_movie_1_9
209,0.9489552674466686,0.3953118792212952,0.031325160272715084,0.6721335733339819,history_file_copeland_weighted_movie_1_10
210,1.2563547469047214,0.3239400647028776,0.030259966379634302,0.7901474058037995,history_file_copeland_weighted_movie_2_1
211,1.2268614239497944,0.333446847153641,0.030509268305676355,0.7801541355517176,history_file_copeland_weighted_movie_2_2
212,1.1749896621342217,0.34196038367671266,0.030725962423465824,0.7584750229054672,history_file_copeland_weighted_movie_2_3
213,1.1167935589015106,0.3469266133151711,0.030863535889812537,0.7318600861083409,history_file_copeland_weighted_movie_2_4
214,1.072705601907032,0.34862932061978547,0.03094856970479904,0.7106674612634087,history_file_copeland_weighted_movie_2_5
215,1.027887913210576,0.3494806742720926,0.031957132185742414,0.6886842937413343,history_file_copeland_weighted_movie_2_6
216,0.9877526696018097,0.3504739201997843,0.0321074650764044,0.669113294900797,history_file_copeland_weighted_movie_2_7
217,0.9546106881369949,0.3518928429536296,0.032225605912727884,0.6532517655453123,history_file_copeland_weighted_movie_2_8
218,0.9058402860548271,0.3520347352290142,0.03240632827564035,0.6289375106419206,history_file_copeland_weighted_movie_2_9
219,0.8460022864926661,0.35217662750439865,0.03289475822294876,0.5990894569985323,history_file_copeland_weighted_movie_2_10
220,1.2449222835737392,0.32166978829672516,0.030898494687181758,0.7832960359352322,history_file_copeland_weighted_movie_3_1
221,1.2085573204251903,0.3324536012259493,0.03142809321744138,0.7705054608255698,history_file_copeland_weighted_movie_3_2
222,1.1299287295371068,0.33614280038594696,0.031862042909708996,0.7330357649615269,history_file_copeland_weighted_movie_3_3
223,1.0657731507382453,0.34153470685055903,0.031950032531392114,0.7036539287944021,history_file_copeland_weighted_movie_3_4
224,1.0118338157670697,0.34210227595209713,0.03266512565016266,0.6769680458595834,history_file_copeland_weighted_movie_3_5
225,0.9659215295176472,0.3422441682274817,0.033134270313661944,0.6540828488725645,history_file_copeland_weighted_movie_3_6
226,0.920009243268225,0.3428117373290198,0.03319709883587273,0.6314104902986224,history_file_copeland_weighted_movie_3_7
227,0.8734888472671547,0.34252795277825077,0.033753617398716365,0.6080084000227027,history_file_copeland_weighted_movie_3_8
228,0.827698182968062,0.34196038367671266,0.03374945838962115,0.5848292833223874,history_file_copeland_weighted_movie_3_9
229,0.770839921188976,0.3416765991259436,0.03372599234669127,0.5562582601574598,history_file_copeland_weighted_movie_3_10
230,1.201138381455085,0.308473806685964,0.032607988021644635,0.7548060940705245,history_file_copeland_weighted_movie_4_1
231,1.0849286079151566,0.3142913899767297,0.03329205473255202,0.6996099989459431,history_file_copeland_weighted_movie_4_2
232,0.9499890540244702,0.31599409728134403,0.03408124172185102,0.6329915756529071,history_file_copeland_weighted_movie_4_3
233,0.8740361460436379,0.315710312730575,0.034084306690092075,0.5948732293871064,history_file_copeland_weighted_movie_4_4
234,0.8159008537860912,0.31500085135365236,0.03406782846247501,0.5654508525698718,history_file_copeland_weighted_movie_4_5
235,0.762448006616234,0.31471706680288325,0.033750635907539024,0.5385825367095587,history_file_copeland_weighted_movie_4_6
236,0.725170878840213,0.31471706680288325,0.03387247595167115,0.5199439728215481,history_file_copeland_weighted_movie_4_7
237,0.6924545742015518,0.31471706680288325,0.03389444046549316,0.5035858205022175,history_file_copeland_weighted_movie_4_8
238,0.6676436963343143,0.31471706680288325,0.0337525488247828,0.4911803815685988,history_file_copeland_weighted_movie_4_9
239,0.656636909829486,0.31471706680288325,0.03368389116236803,0.4856769883161846,history_file_copeland_weighted_movie_4_10
240,1.2002870278027777,0.3365684772121006,0.03383405855577044,0.7684277525074392,history_file_copeland_weighted_movie_5_1
241,1.1002529736566855,0.34309552187978887,0.03477981969112898,0.7216742477682372,history_file_copeland_weighted_movie_5_2
242,0.9792999440539027,0.34650093648901753,0.03510100261307942,0.6629004402714601,history_file_copeland_weighted_movie_5_3
243,0.8996375665880176,0.34650093648901753,0.0348728927794403,0.6230692515385176,history_file_copeland_weighted_movie_5_4
244,0.8315900853786091,0.346075259662864,0.03496156735145765,0.5888326725207366,history_file_copeland_weighted_movie_5_5
245,0.7778939943080927,0.346075259662864,0.03475444668067262,0.5619846269854784,history_file_copeland_weighted_movie_5_6
246,0.7347182019410863,0.346075259662864,0.03457904490871454,0.5403967308019751,history_file_copeland_weighted_movie_5_7
247,0.6965289095375933,0.34593336738747943,0.034549173224578525,0.5212311384625363,history_file_copeland_weighted_movie_5_8
248,0.6720828975213446,0.3457914751120949,0.034536437679882674,0.5089371863167198,history_file_copeland_weighted_movie_5_9
249,0.655116635450366,0.3457914751120949,0.03447844754807039,0.5004540552812304,history_file_copeland_weighted_movie_5_10
250,1.260064216389774,0.3594131335490096,0.02977049473609269,0.8097386749693918,history_file_resource_least_movie_1_1
251,1.2530101432706573,0.3564333957659345,0.03131131763394495,0.8047217695182959,history_file_resource_least_movie_1_2
252,1.1532193330252243,0.31641977410749755,0.032092715476452205,0.7348195535663609,history_file_resource_least_movie_1_3
253,1.0052054194741067,0.260372325330609,0.03265566964521578,0.6327888724023578,history_file_resource_least_movie_1_4
254,0.9116781396706477,0.23114251660139623,0.03272594440339763,0.571410328136022,history_file_resource_least_movie_1_5
255,0.844238768212887,0.2061694761337193,0.03283244204227283,0.5252041221733031,history_file_resource_least_movie_1_6
256,0.7915156527450073,0.18942618763834498,0.032912467003956426,0.49047092019167615,history_file_resource_least_movie_1_7
257,0.7493736469558026,0.17864237470912084,0.033048709356817356,0.4640080108324617,history_file_resource_least_movie_1_8
258,0.710150567974508,0.16814234633066577,0.03309364204105382,0.43914645715258693,history_file_resource_least_movie_1_9
259,0.6798667023424387,0.16175719393836202,0.03308840051532567,0.42081194814040035,history_file_resource_least_movie_1_10
260,1.2677872102357033,0.32464952607980024,0.030058524359491384,0.7962183681577517,history_file_resource_least_movie_2_1
261,1.2616453017440588,0.32053465009364895,0.03188275578740905,0.7910899759188539,history_file_resource_least_movie_2_2
262,1.1391111867869912,0.27257506101367845,0.033118307161353104,0.7058431239003349,history_file_resource_least_movie_2_3
263,1.0001581085354283,0.21979113457063398,0.03364965433336215,0.6099746215530312,history_file_resource_least_movie_2_4
264,0.907117316533288,0.19240592542142007,0.0340653179130622,0.549761620977354,history_file_resource_least_movie_2_5
265,0.8432049816350854,0.17225722231681706,0.03406027783150286,0.5077311019759512,history_file_resource_least_movie_2_6
266,0.7818467076938045,0.15820988705374878,0.034099715483226656,0.4700282973737766,history_file_resource_least_movie_2_7
267,0.7318600861083407,0.14770985867529374,0.03413084792619869,0.43978497239181724,history_file_resource_least_movie_2_8
268,0.6902045681204543,0.13905442987683753,0.03424342782448516,0.4146294989986459,history_file_resource_least_movie_2_9
269,0.6587044829850891,0.13380441568760995,0.03420942387488042,0.3962544493363495,history_file_resource_least_movie_2_10
270,1.2570844786066988,0.32408195697826214,0.030664154943303906,0.7905832177924805,history_file_resource_least_movie_3_1
271,1.2529493322954925,0.31613598955672856,0.03220007369694865,0.7845426609261106,history_file_resource_least_movie_3_2
272,1.1145435528204128,0.2691696464044498,0.033420677634757,0.6918565996124313,history_file_resource_least_movie_3_3
273,0.971698572158303,0.22333844145524717,0.03375867218899216,0.5975185068067751,history_file_resource_least_movie_3_4
274,0.8766510179757242,0.19339917134911175,0.033839400040486245,0.535025094662418,history_file_resource_least_movie_3_5
275,0.8013670307217046,0.17339236051989332,0.03398167603550033,0.48737969562079897,history_file_resource_least_movie_3_6
276,0.743535793339982,0.16232476303990012,0.033910436817282806,0.452930278189941,history_file_resource_least_movie_3_7
277,0.6970762083140765,0.15452068789375106,0.033996489419199756,0.42579844810391376,history_file_resource_least_movie_3_8
278,0.6610761110165162,0.14543958226914128,0.0339923597313459,0.4032578466428287,history_file_resource_least_movie_3_9
279,0.6367517209505971,0.13962199897837563,0.03398435800669673,0.3881868599644863,history_file_resource_least_movie_3_10
280,1.230266838559023,0.31060219081673196,0.03161263561297531,0.7704345146878775,history_file_resource_least_movie_4_1
281,1.2163411252462843,0.3022305465690448,0.033087659483626713,0.7592858359076646,history_file_resource_least_movie_4_2
282,1.065225851961762,0.24547363641523356,0.03408990601648248,0.6553497441884977,history_file_resource_least_movie_4_3
283,0.9332660358541509,0.19907486236449287,0.03440873640812955,0.5661704491093219,history_file_resource_least_movie_4_4
284,0.8505631096300259,0.1728247914183552,0.03417455397180393,0.5116939505241905,history_file_resource_least_movie_4_5
285,0.7694412687601857,0.15338554969067486,0.03428889563714158,0.4614134092254303,history_file_resource_least_movie_4_6
286,0.7091775923718713,0.13948010670299107,0.03422908278521742,0.42432884953743116,history_file_resource_least_movie_4_7
287,0.6581571842086059,0.13011521652761224,0.03424008486647024,0.3941362003681091,history_file_resource_least_movie_4_8
288,0.6171097759723675,0.12160168000454055,0.03420535092417374,0.369355727988454,history_file_resource_least_movie_4_9
289,0.5858529347376614,0.11748680401838925,0.03419210368512952,0.35166986937802536,history_file_resource_least_movie_4_10
290,1.2301452166086935,0.33529144673363986,0.032514726467215316,0.7827183316711667,history_file_resource_least_movie_5_1
291,1.2151857167181532,0.3304671093705659,0.034060288146256834,0.7728264130443596,history_file_resource_least_movie_5_2
292,1.0669285592663762,0.2720074919121403,0.0352843976860387,0.6694680255892582,history_file_resource_least_movie_5_3
293,0.9316241395247014,0.22163573415063287,0.03513506123415785,0.5766299368376671,history_file_resource_least_movie_5_4
294,0.843934713337063,0.19198024859526647,0.03514870314918579,0.5179574809661648,history_file_resource_least_movie_5_5
295,0.7712655980151296,0.16927748453374197,0.03524005789271256,0.4702715412744358,history_file_resource_least_movie_5_6
296,0.7030964948553914,0.1540950110675975,0.034956353148564344,0.42859575296149444,history_file_resource_least_movie_5_7
297,0.6519544647417965,0.14316930586298882,0.03489359789505982,0.39756188530239267,history_file_resource_least_movie_5_8
298,0.608535428474131,0.13423009251376355,0.03479882866844784,0.37138276049394725,history_file_resource_least_movie_5_9
299,0.5835421176813991,0.12954764742607414,0.03480297244459094,0.3565448825537366,history_file_resource_least_movie_5_10
300,1.2460776921018704,0.35955502582439414,0.029721720131194177,0.8028163589631323,history_file_resource_product_movie_1_1
301,1.2328208995159444,0.35657528804131905,0.031220517827056683,0.7946980937786318,history_file_resource_product_movie_1_2
302,1.0990975651285542,0.3086156989613486,0.032734902127453974,0.7038566320449514,history_file_resource_product_movie_1_3
303,0.9457322857629343,0.2548385265906124,0.033140210940849624,0.6002854061767734,history_file_resource_product_movie_1_4
304,0.8529347376614531,0.2270276406152449,0.033119280916498295,0.539981189138349,history_file_resource_product_movie_1_5
305,0.7913940307946777,0.20304784607525966,0.033267928692762905,0.49722093843496873,history_file_resource_product_movie_1_6
306,0.7405560555569068,0.1865883421306544,0.03314841545861286,0.46357219884378065,history_file_resource_product_movie_1_7
307,0.7055289338619833,0.17665588285373746,0.03318986289228321,0.4410924083578604,history_file_resource_product_movie_1_8
308,0.6729950621488165,0.16601396219989784,0.03324557204106844,0.4195045121743572,history_file_resource_product_movie_1_9
309,0.6512855440149837,0.15920313298144048,0.033247338193773346,0.4052443384982121,history_file_resource_product_movie_1_10
310,1.2527060883948336,0.3247914183551847,0.030033995299275,0.7887487533750092,history_file_resource_product_movie_2_1
311,1.23871956410693,0.32096032691980253,0.03192755781345883,0.7798399455133662,history_file_resource_product_movie_2_2
312,1.0908272725061416,0.26803450820137353,0.03339839361871126,0.6794308903537576,history_file_resource_product_movie_2_3
313,0.9401984870229377,0.21496679720756,0.03384958691324097,0.5775826421152489,history_file_resource_product_movie_2_4
314,0.8511104084065091,0.18772348033373062,0.03441200483035802,0.5194169443701199,history_file_resource_product_movie_2_5
315,0.7920021405463257,0.16885180770758842,0.03411167267851749,0.48042697412695706,history_file_resource_product_movie_2_6
316,0.7392790250784461,0.1556558260968273,0.03413726309016936,0.4474674255876367,history_file_resource_product_movie_2_7
317,0.6971978302644061,0.1451557977183722,0.034215421024431106,0.4211768139913891,history_file_resource_product_movie_2_8
318,0.6646031475760744,0.13621658436914694,0.03432034031197697,0.4004098659726107,history_file_resource_product_movie_2_9
319,0.6402179465349905,0.13153413928145752,0.0342688978619662,0.385876042908224,history_file_resource_product_movie_2_10
320,1.245347960399893,0.3189738350644191,0.03092943076974399,0.782160897732156,history_file_resource_product_movie_3_1
321,1.2281992654034197,0.31585220500595945,0.032575020212203584,0.7720257352046895,history_file_resource_product_movie_3_2
322,1.0605434068740724,0.26150746353368526,0.03400937819324388,0.6610254352038789,history_file_resource_product_movie_3_3
323,0.9178200481622922,0.21652761223678985,0.034168070421327995,0.567173830199541,history_file_resource_product_movie_3_4
324,0.8238670915326797,0.18829104943526875,0.034310206336352796,0.5060790704839742,history_file_resource_product_movie_3_5
325,0.7571574517768966,0.16913559225835748,0.03434844281841938,0.46314652201762707,history_file_resource_product_movie_3_6
326,0.7082046167692344,0.15806799477836428,0.03424862062813754,0.43313630577379936,history_file_resource_product_movie_3_7
327,0.6691639707134343,0.1511152732845224,0.03421924027260416,0.41013962199897835,history_file_resource_product_movie_3_8
328,0.6386368611807058,0.14260173676145071,0.03421138846428645,0.3906192989710783,history_file_resource_product_movie_3_9
329,0.6185084284011578,0.13735172257222317,0.034225075361033745,0.3779300754866905,history_file_resource_product_movie_3_10
330,1.2063073143440926,0.3064873148305806,0.03279591350851866,0.7563973145873366,history_file_resource_product_movie_4_1
331,1.1847194181605896,0.29854134740904703,0.03348850223354848,0.7416303827848183,history_file_resource_product_movie_4_2
332,1.021016273016954,0.23724388444293093,0.03439406631744399,0.6291300787299425,history_file_resource_product_movie_4_3
333,0.8915497068910997,0.1925478176968046,0.03435587951340528,0.5420487622939522,history_file_resource_product_movie_4_4
334,0.80726569531269,0.16643963902605144,0.03439212039585822,0.4868526671693707,history_file_resource_product_movie_4_5
335,0.7269952080951569,0.1485612123276009,0.0342538291502542,0.4377782102113789,history_file_resource_product_movie_4_6
336,0.6612585439420106,0.13508144616607073,0.0343235305619873,0.39816999505404066,history_file_resource_product_movie_4_7
337,0.6141908491644571,0.12713547874453715,0.03431583630439416,0.3706631639544971,history_file_resource_product_movie_4_8
338,0.5798326481963464,0.12046654180146434,0.03430701070651226,0.35014959499890536,history_file_resource_product_movie_4_9
339,0.5554474471552625,0.1162097735399285,0.03422904856177014,0.3358286103475955,history_file_resource_product_movie_4_10
340,1.2030235216851937,0.33756172313979227,0.033667384791992196,0.770292622412493,history_file_resource_product_movie_5_1
341,1.1793072413709225,0.32876440206595153,0.034986768746345265,0.754035821718437,history_file_resource_product_movie_5_2
342,1.0150567974508038,0.2663318008967592,0.035552919217883755,0.6406942991737815,history_file_resource_product_movie_5_3
343,0.8806037313614361,0.2183722118167887,0.035548641183980254,0.5494879715891124,history_file_resource_product_movie_5_4
344,0.7961372868575319,0.1875815880583461,0.03535033712961659,0.49185943745793903,history_file_resource_product_movie_5_5
345,0.7263870983435089,0.16502071627220616,0.03525626333301899,0.4457039073078575,history_file_resource_product_movie_5_6
346,0.6635693609982729,0.15012202735683072,0.035168009016527654,0.4068456941775518,history_file_resource_product_movie_5_7
347,0.6157719345187419,0.14132470628298996,0.03511399653909233,0.37854832040086595,history_file_resource_product_movie_5_8
348,0.5813529225754663,0.1329530620353028,0.03500163840290765,0.35715299230538455,history_file_resource_product_movie_5_9
349,0.5566636666585585,0.1284125092229979,0.03496827372838778,0.3425380879407782,history_file_resource_product_movie_5_10
350,1.2671791004840554,0.34096713774902093,0.029893602495262465,0.8040731191165381,history_file_resource_weight_movie_1_1
351,1.239327673858578,0.35416311935978206,0.031768644775164764,0.79674539660918,history_file_resource_weight_movie_1_2
352,1.0817056262314222,0.3151427436290369,0.03289645168202548,0.6984241849302295,history_file_resource_weight_movie_1_3
353,0.9256646639585512,0.25753447982291844,0.03324279244425823,0.5915995718907348,history_file_resource_weight_movie_1_4
354,0.8345090121865193,0.22816277881832114,0.0331465733069843,0.5313358955024202,history_file_resource_weight_movie_1_5
355,0.7731507382452384,0.2053181224814121,0.033287622575376354,0.48923443036332526,history_file_resource_weight_movie_1_6
356,0.7271168300454866,0.18871672626142233,0.033342018214005606,0.45791677815345444,history_file_resource_weight_movie_1_7
357,0.6922721412760575,0.17736534423066008,0.03329549521574472,0.4348187427533588,history_file_resource_weight_movie_1_8
358,0.6641166597747561,0.16643963902605144,0.033313903489133406,0.41527814940040375,history_file_resource_weight_movie_1_9
359,0.6438666050448784,0.16048016345990126,0.03327459544471863,0.4021733842523898,history_file_resource_weight_movie_1_10
360,1.2832331979275617,0.29882513195981614,0.0301419338310822,0.7910291649436889,history_file_resource_weight_movie_2_1
361,1.2508817591398895,0.31783869686134286,0.03231350502334504,0.7843602280006162,history_file_resource_weight_movie_2_2
362,1.071246138503077,0.272716953289063,0.033614588974052576,0.67198154589607,history_file_resource_weight_movie_2_3
363,0.9198268103427305,0.21823031954140418,0.03417932924269572,0.5690285649420673,history_file_resource_weight_movie_2_4
364,0.8287927805210283,0.18885861853680688,0.03432264564326222,0.5088256995289177,history_file_resource_weight_movie_2_5
365,0.7648804456228259,0.16913559225835748,0.03421033791316957,0.4670080189405917,history_file_resource_weight_movie_2_6
366,0.716718153292306,0.15551393382144274,0.034212108461131895,0.4361160435568744,history_file_resource_weight_movie_2_7
367,0.6793802145411203,0.14543958226914128,0.03430315066481062,0.41240989840513076,history_file_resource_weight_movie_2_8
368,0.650312568412347,0.13678415347068507,0.03425576654039747,0.393548360941516,history_file_resource_weight_movie_2_9
369,0.6314611661112597,0.13266927748453375,0.03425853743916777,0.3820652217978967,history_file_resource_weight_movie_2_10
370,1.2854223930334945,0.29854134740904703,0.030954336477197506,0.7919818702212708,history_file_resource_weight_movie_3_1
371,1.2441317408965968,0.31670355865826666,0.032912471237265574,0.7804176497774318,history_file_resource_weight_movie_3_2
372,1.042664980175622,0.2671831545490664,0.03394928372314816,0.6549240673623442,history_file_resource_weight_movie_3_3
373,0.8902726764126389,0.21879788864294228,0.03433060640831078,0.5545352825277906,history_file_resource_weight_movie_3_4
374,0.7999075673177495,0.19056132584142121,0.03423289568955202,0.4952344465795854,history_file_resource_weight_movie_3_5
375,0.7362384763202062,0.17098019183835633,0.0343375673634885,0.4536093340792813,history_file_resource_weight_movie_3_6
376,0.6891707815426528,0.15920313298144048,0.034259671435273954,0.42418695726204664,history_file_resource_weight_movie_3_7
377,0.6540828488725644,0.15139905783529145,0.03421093003945558,0.4027409533539279,history_file_resource_weight_movie_3_8
378,0.627447641750383,0.14260173676145071,0.034200937250281484,0.3850246892559169,history_file_resource_weight_movie_3_9
379,0.6100557028532508,0.1369260457460696,0.03418260117337519,0.3734908742996602,history_file_resource_weight_movie_3_10
380,1.2895575393447007,0.2771156138259833,0.0326142034309496,0.7833365765853421,history_file_resource_weight_movie_4_1
381,1.21007759480431,0.29996027016289234,0.034686363870504194,0.7550189324836012,history_file_resource_weight_movie_4_2
382,0.9872661818004912,0.24405471366138828,0.03501471032933001,0.6156604477309398,history_file_resource_weight_movie_4_3
383,0.8489820242757412,0.19524377092911063,0.03472891956097324,0.522112897602426,history_file_resource_weight_movie_4_4
384,0.7539344700931623,0.16714910040297407,0.034723805398657874,0.46054178524806816,history_file_resource_weight_movie_4_5
385,0.6782248060129891,0.14912878142913902,0.03453881911198815,0.41367679372106403,history_file_resource_weight_movie_4_6
386,0.6236165503150009,0.1363584766445315,0.03452858353219195,0.37998751347976617,history_file_resource_weight_movie_4_7
387,0.5837245506068935,0.12756115557069073,0.03443111694223995,0.3556428530887921,history_file_resource_weight_movie_4_8
388,0.5562379898324049,0.12103411090300244,0.03435096832395163,0.33863605036770367,history_file_resource_weight_movie_4_9
389,0.5367784777796696,0.11663545036608208,0.03427879263064266,0.3267069640728758,history_file_resource_weight_movie_4_10
390,1.2780034540633893,0.3022305465690448,0.03356364238785656,0.790117000316217,history_file_resource_weight_movie_5_1
391,1.2052735277662912,0.3324536012259493,0.03591781408363913,0.7688635644961203,history_file_resource_weight_movie_5_2
392,0.9917053829875214,0.27115613825983315,0.03612005906835012,0.6314307606236773,history_file_resource_weight_movie_5_3
393,0.8439955243122278,0.22064248822294116,0.03586396605816906,0.5323190062675844,history_file_resource_weight_movie_5_4
394,0.7503466225584393,0.1901356490152676,0.03539151964933685,0.47024113578685345,history_file_resource_weight_movie_5_5
395,0.6757315560312325,0.16700720812758954,0.03528895916264455,0.421369382079411,history_file_resource_weight_movie_5_6
396,0.6243462820169784,0.1522504114875986,0.03508873884625429,0.38829834675228847,history_file_resource_weight_movie_5_7
397,0.5878596969180998,0.14189227538452806,0.035063285250239086,0.36487598615131395,history_file_resource_weight_movie_5_8
398,0.5617717885724015,0.13309495431068735,0.0350283772192589,0.3474333714415444,history_file_resource_weight_movie_5_9
399,0.5412784899418647,0.12869629377376696,0.03502470144318621,0.3349873918578158,history_file_resource_weight_movie_5_10
400,1.260064216389774,0.3594131335490096,0.02977049473609269,0.8097386749693918,history_file_copeland_least_movie_1_1
401,1.260064216389774,0.3594131335490096,0.02977049473609269,0.8097386749693918,history_file_copeland_least_movie_1_2
402,1.260064216389774,0.3594131335490096,0.02977049473609269,0.8097386749693918,history_file_copeland_least_movie_1_3
403,1.260064216389774,0.3594131335490096,0.02977049473609269,0.8097386749693918,history_file_copeland_least_movie_1_4
404,1.260064216389774,0.3594131335490096,0.02977049473609269,0.8097386749693918,history_file_copeland_least_movie_1_5
405,1.260064216389774,0.3594131335490096,0.02977049473609269,0.8097386749693918,history_file_copeland_least_movie_1_6
406,1.260064216389774,0.3594131335490096,0.02977049473609269,0.8097386749693918,history_file_copeland_least_movie_1_7
407,1.260064216389774,0.3594131335490096,0.02977049473609269,0.8097386749693918,history_file_copeland_least_movie_1_8
408,1.260064216389774,0.3594131335490096,0.02977049473609269,0.8097386749693918,history_file_copeland_least_movie_1_9
409,1.260064216389774,0.3594131335490096,0.02977049473609269,0.8097386749693918,history_file_copeland_least_movie_1_10
410,1.2677872102357033,0.32464952607980024,0.030058524359491384,0.7962183681577517,history_file_copeland_least_movie_2_1
411,1.2677872102357033,0.32464952607980024,0.030058524359491384,0.7962183681577517,history_file_copeland_least_movie_2_2
412,1.2677872102357033,0.32464952607980024,0.030058524359491384,0.7962183681577517,history_file_copeland_least_movie_2_3
413,1.2677872102357033,0.32464952607980024,0.030058524359491384,0.7962183681577517,history_file_copeland_least_movie_2_4
414,1.2677872102357033,0.32464952607980024,0.030058524359491384,0.7962183681577517,history_file_copeland_least_movie_2_5
415,1.2677872102357033,0.32464952607980024,0.030058524359491384,0.7962183681577517,history_file_copeland_least_movie_2_6
416,1.2677872102357033,0.32464952607980024,0.030058524359491384,0.7962183681577517,history_file_copeland_least_movie_2_7
417,1.2677872102357033,0.32464952607980024,0.030058524359491384,0.7962183681577517,history_file_copeland_least_movie_2_8
418,1.2677872102357033,0.32464952607980024,0.030058524359491384,0.7962183681577517,history_file_copeland_least_movie_2_9
419,1.2677872102357033,0.32464952607980024,0.030058524359491384,0.7962183681577517,history_file_copeland_least_movie_2_10
420,1.2570844786066988,0.32408195697826214,0.030664154943303906,0.7905832177924805,history_file_copeland_least_movie_3_1
421,1.2570844786066988,0.32408195697826214,0.030664154943303906,0.7905832177924805,history_file_copeland_least_movie_3_2
422,1.2570844786066988,0.32408195697826214,0.030664154943303906,0.7905832177924805,history_file_copeland_least_movie_3_3
423,1.2570844786066988,0.32408195697826214,0.030664154943303906,0.7905832177924805,history_file_copeland_least_movie_3_4
424,1.2570844786066988,0.32408195697826214,0.030664154943303906,0.7905832177924805,history_file_copeland_least_movie_3_5
425,1.2570844786066988,0.32408195697826214,0.030664154943303906,0.7905832177924805,history_file_copeland_least_movie_3_6
426,1.2570844786066988,0.32408195697826214,0.030664154943303906,0.7905832177924805,history_file_copeland_least_movie_3_7
427,1.2570844786066988,0.32408195697826214,0.030664154943303906,0.7905832177924805,history_file_copeland_least_movie_3_8
428,1.2570844786066988,0.32408195697826214,0.030664154943303906,0.7905832177924805,history_file_copeland_least_movie_3_9
429,1.2570844786066988,0.32408195697826214,0.030664154943303906,0.7905832177924805,history_file_copeland_least_movie_3_10
430,1.230266838559023,0.31060219081673196,0.03161263561297531,0.7704345146878775,history_file_copeland_least_movie_4_1
431,1.230266838559023,0.31060219081673196,0.03161263561297531,0.7704345146878775,history_file_copeland_least_movie_4_2
432,1.230266838559023,0.31060219081673196,0.03161263561297531,0.7704345146878775,history_file_copeland_least_movie_4_3
433,1.230266838559023,0.31060219081673196,0.03161263561297531,0.7704345146878775,history_file_copeland_least_movie_4_4
434,1.230266838559023,0.31060219081673196,0.03161263561297531,0.7704345146878775,history_file_copeland_least_movie_4_5
435,1.230266838559023,0.31060219081673196,0.03161263561297531,0.7704345146878775,history_file_copeland_least_movie_4_6
436,1.230266838559023,0.31060219081673196,0.03161263561297531,0.7704345146878775,history_file_copeland_least_movie_4_7
437,1.230266838559023,0.31060219081673196,0.03161263561297531,0.7704345146878775,history_file_copeland_least_movie_4_8
438,1.230266838559023,0.31060219081673196,0.03161263561297531,0.7704345146878775,history_file_copeland_least_movie_4_9
439,1.230266838559023,0.31060219081673196,0.03161263561297531,0.7704345146878775,history_file_copeland_least_movie_4_10
440,1.2301452166086935,0.33529144673363986,0.032514726467215316,0.7827183316711667,history_file_copeland_least_movie_5_1
441,1.2301452166086935,0.33529144673363986,0.032514726467215316,0.7827183316711667,history_file_copeland_least_movie_5_2
442,1.2301452166086935,0.33529144673363986,0.032514726467215316,0.7827183316711667,history_file_copeland_least_movie_5_3
443,1.2301452166086935,0.33529144673363986,0.032514726467215316,0.7827183316711667,history_file_copeland_least_movie_5_4
444,1.2301452166086935,0.33529144673363986,0.032514726467215316,0.7827183316711667,history_file_copeland_least_movie_5_5
445,1.2301452166086935,0.33529144673363986,0.032514726467215316,0.7827183316711667,history_file_copeland_least_movie_5_6
446,1.2301452166086935,0.33529144673363986,0.032514726467215316,0.7827183316711667,history_file_copeland_least_movie_5_7
447,1.2301452166086935,0.33529144673363986,0.032514726467215316,0.7827183316711667,history_file_copeland_least_movie_5_8
448,1.2301452166086935,0.33529144673363986,0.032514726467215316,0.7827183316711667,history_file_copeland_least_movie_5_9
449,1.2301452166086935,0.33529144673363986,0.032514726467215316,0.7827183316711667,history_file_copeland_least_movie_5_10
